frame,particles,delta,physMem,virtMem
1,2,0.836918,63164416,51048448
2,3,0.0061181,65298432,52850688
3,5,0.0167673,65298432,52850688
4,22,0.0167547,65302528,52850688
5,22,0.0167768,65302528,52850688
6,24,0.0167752,65302528,52850688
7,25,0.0167987,65302528,52850688
8,25,0.0167738,65302528,52850688
9,27,0.0167499,65302528,52850688
10,27,0.0168979,65302528,52850688
11,29,0.0168031,65302528,52850688
12,29,0.0167673,65302528,52850688
13,31,0.0167921,65302528,52850688
14,31,0.0167864,65302528,52850688
15,36,0.0167945,65302528,52850688
16,41,0.0167511,65302528,52850688
17,45,0.0167949,65302528,52850688
18,45,0.0166892,65302528,52850688
19,46,0.0167809,65302528,52850688
20,46,0.0167542,65302528,52850688
21,49,0.0166993,65302528,52850688
22,53,0.0167733,65302528,52850688
23,53,0.0167502,65302528,52850688
24,54,0.0167965,65302528,52850688
25,57,0.0167994,65302528,52850688
26,57,0.0168756,65302528,52850688
27,57,0.0167876,65302528,52850688
28,60,0.0167927,65302528,52850688
29,65,0.0168505,65302528,52850688
30,74,0.0168769,65302528,52850688
31,76,0.0168562,65302528,52850688
32,78,0.0167702,65302528,52850688
33,79,0.0168858,65302528,52850688
34,81,0.0168525,65302528,52850688
35,85,0.0167739,65302528,52850688
36,87,0.0168716,65302528,52850688
37,87,0.016786,65302528,52850688
38,87,0.0167844,65302528,52850688
39,87,0.0168294,65302528,52850688
40,87,0.0168695,65302528,52850688
41,90,0.0168643,65302528,52850688
42,91,0.0168493,65302528,52850688
43,103,0.016852,65302528,52850688
44,103,0.0168815,65302528,52850688
45,113,0.0167158,65302528,52850688
46,115,0.0168317,65302528,52850688
47,125,0.0168277,65302528,52850688
48,125,0.0174259,65302528,52850688
49,125,0.016793,65302528,52850688
50,129,0.016942,65302528,52850688
51,137,0.0167065,65302528,52850688
52,137,0.0167854,65302528,52850688
53,137,0.0168764,65302528,52850688
54,139,0.0167191,65302528,52850688
55,141,0.0168416,65302528,52850688
56,143,0.0167554,65302528,52850688
57,143,0.0168569,65302528,52850688
58,148,0.016859,65302528,52850688
59,148,0.0168664,65302528,52850688
60,151,0.0167905,65302528,52850688
61,153,0.0168362,65302528,52850688
62,154,0.0167999,65302528,52850688
63,156,0.0167745,65302528,52850688
64,156,0.0167622,65302528,52850688
65,165,0.0168769,65302528,52850688
66,166,0.0168242,65302528,52850688
67,166,0.0168085,65302528,52850688
68,167,0.0167877,65302528,52850688
69,167,0.0168612,65302528,52850688
70,173,0.0168718,65302528,52850688
71,179,0.0167804,65302528,52850688
72,179,0.0168596,65302528,52850688
73,186,0.0167856,65302528,52850688
74,187,0.0168606,65302528,52850688
75,190,0.0169038,65302528,52850688
76,190,0.016744,65302528,52850688
77,190,0.0168116,65302528,52850688
78,190,0.0168616,65302528,52850688
79,192,0.0167749,65302528,52850688
80,193,0.0167897,65302528,52850688
81,193,0.0167883,65302528,52850688
82,194,0.0168575,65302528,52850688
83,195,0.0168324,65302528,52850688
84,198,0.0168189,65302528,52850688
85,198,0.0168743,65302528,52850688
86,200,0.0168468,65302528,52850688
87,200,0.0168662,65302528,52850688
88,202,0.016772,65302528,52850688
89,203,0.016755,65302528,52850688
90,209,0.0168818,65302528,52850688
91,216,0.0182147,65302528,52850688
92,218,0.0167709,65302528,52850688
93,219,0.0168516,65302528,52850688
94,224,0.0168306,65302528,52850688
95,230,0.0167389,65302528,52850688
96,232,0.016889,65302528,52850688
97,234,0.0167676,65302528,52850688
98,234,0.0168981,65302528,52850688
99,243,0.0167356,65302528,52850688
100,244,0.0168024,65302528,52850688
101,244,0.0168353,65302528,52850688
102,248,0.0168505,65302528,52850688
103,251,0.0167434,65302528,52850688
104,257,0.0168801,65302528,52850688
105,262,0.0169388,65302528,52850688
106,262,0.0167836,65302528,52850688
107,263,0.0167871,65302528,52850688
108,264,0.0167876,65302528,52850688
109,267,0.0167922,65302528,52850688
110,269,0.0168268,65302528,52850688
111,269,0.0170006,65302528,52850688
112,269,0.0166659,65302528,52850688
113,269,0.0169123,65302528,52850688
114,270,0.016675,65302528,52850688
115,273,0.0167121,65302528,52850688
116,273,0.0167375,65302528,52850688
117,273,0.0167821,65302528,52850688
118,273,0.0167788,65302528,52850688
119,273,0.0168554,65302528,52850688
120,273,0.0167798,65302528,52850688
121,274,0.0169084,65302528,52850688
122,274,0.0167821,65302528,52850688
123,274,0.0168152,65302528,52850688
124,275,0.0167513,65302528,52850688
125,276,0.0168489,65302528,52850688
126,279,0.0167626,65302528,52850688
127,279,0.0167826,65302528,52850688
128,283,0.0170276,65302528,52850688
129,286,0.0166498,65302528,52850688
130,287,0.0167599,65302528,52850688
131,297,0.0167739,65302528,52850688
132,297,0.0169495,65302528,52850688
133,305,0.0167894,65302528,52850688
134,306,0.0168804,65302528,52850688
135,306,0.0167683,65302528,52850688
136,310,0.0168235,65302528,52850688
137,312,0.0167885,65302528,52846592
138,312,0.0167873,65302528,52846592
139,314,0.0210581,65302528,52846592
140,316,0.0168492,65302528,52846592
141,318,0.0167939,65323008,52867072
142,325,0.016861,65323008,52867072
143,325,0.0214436,65323008,52867072
144,328,0.016815,65323008,52867072
145,329,0.0168749,65323008,52867072
146,331,0.0168306,65323008,52867072
147,331,0.0167977,65323008,52867072
148,334,0.0167972,65323008,52867072
149,334,0.0167514,65323008,52867072
150,340,0.0167557,65323008,52867072
151,348,0.0168054,65323008,52867072
152,352,0.0167774,65323008,52867072
153,353,0.0167624,65323008,52867072
154,357,0.0168087,65323008,52867072
155,360,0.016848,65323008,52867072
156,364,0.0167862,65323008,52867072
157,366,0.0168764,65323008,52867072
158,367,0.0168839,65323008,52867072
159,371,0.0168497,65323008,52867072
160,377,0.0168924,65323008,52867072
161,377,0.0167809,65323008,52867072
162,379,0.0168062,65323008,52867072
163,382,0.0168636,65323008,52867072
164,382,0.0200204,65323008,52867072
165,384,0.0166907,65323008,52867072
166,385,0.0168564,65323008,52867072
167,387,0.0169387,65323008,52867072
168,387,0.0167751,65323008,52867072
169,395,0.0167929,65323008,52867072
170,397,0.0168618,65323008,52867072
171,399,0.0168018,65323008,52867072
172,400,0.0168756,65323008,52867072
173,403,0.0168755,65323008,52867072
174,403,0.0167681,65323008,52867072
175,405,0.0168908,65323008,52867072
176,413,0.0168033,65323008,52867072
177,415,0.0168704,65323008,52867072
178,417,0.0167981,65323008,52867072
179,421,0.0168805,65323008,52867072
180,423,0.0166542,65323008,52867072
181,425,0.016889,65323008,52867072
182,425,0.0167841,65323008,52867072
183,430,0.016838,65323008,52867072
184,430,0.0167524,65323008,52867072
185,436,0.016881,65323008,52867072
186,439,0.0167666,65323008,52867072
187,439,0.0167219,65323008,52867072
188,452,0.0168021,65335296,52879360
189,454,0.0167339,65335296,52879360
190,454,0.0167816,65335296,52879360
191,455,0.0168044,65335296,52879360
192,455,0.0167714,65335296,52879360
193,455,0.0167744,65335296,52879360
194,455,0.0167586,65335296,52879360
195,455,0.0167851,65335296,52879360
196,455,0.0167889,65335296,52879360
197,455,0.0167484,65335296,52879360
198,457,0.0167837,65335296,52879360
199,462,0.0168141,65335296,52879360
200,464,0.0168037,65335296,52879360
201,464,0.0167689,65335296,52879360
202,465,0.0168645,65335296,52879360
203,465,0.0167898,65335296,52879360
204,474,0.0168456,65335296,52879360
205,475,0.0166747,65363968,52908032
206,478,0.0168244,65363968,52908032
207,478,0.016863,65363968,52908032
208,478,0.0168489,65363968,52908032
209,483,0.0166689,65363968,52908032
210,483,0.0167932,65363968,52908032
211,484,0.0169064,65363968,52908032
212,488,0.0167664,65363968,52908032
213,488,0.0168696,65363968,52908032
214,492,0.0168482,65363968,52908032
215,493,0.0167456,65363968,52908032
216,496,0.016765,65363968,52908032
217,501,0.0169236,65363968,52908032
218,501,0.0168198,65363968,52908032
219,501,0.0168519,65363968,52908032
220,502,0.0167955,65363968,52908032
221,504,0.0167165,65363968,52908032
222,505,0.0167695,65363968,52908032
223,507,0.0168528,65363968,52908032
224,512,0.0168008,65363968,52908032
225,515,0.0168611,65363968,52908032
226,518,0.0300402,65363968,52908032
227,522,0.0166282,65363968,52908032
228,524,0.0168569,65363968,52908032
229,525,0.0167593,65363968,52908032
230,526,0.0168492,65363968,52908032
231,526,0.0168089,65363968,52908032
232,536,0.0168657,65363968,52908032
233,537,0.0167651,65363968,52908032
234,539,0.0167084,65363968,52908032
235,542,0.0168744,65363968,52908032
236,546,0.016813,65363968,52908032
237,548,0.0167926,65363968,52908032
238,550,0.01677,65363968,52908032
239,550,0.0168634,65363968,52908032
240,551,0.0168549,65363968,52908032
241,551,0.0167808,65363968,52908032
242,551,0.0167812,65363968,52908032
243,552,0.0168499,65363968,52908032
244,552,0.0167865,65363968,52908032
245,554,0.0168476,65363968,52908032
246,554,0.0167895,65363968,52908032
247,555,0.0168476,65363968,52908032
248,561,0.016882,65363968,52908032
249,561,0.016846,65363968,52908032
250,563,0.016852,65363968,52908032
251,564,0.0166177,65363968,52908032
252,566,0.0167474,65363968,52908032
253,566,0.0167348,65363968,52908032
254,566,0.0167615,65363968,52908032
255,567,0.0167703,65363968,52908032
256,567,0.016743,65363968,52908032
257,567,0.0167945,65363968,52908032
258,568,0.0168394,65363968,52908032
259,569,0.0167873,65363968,52908032
260,573,0.0168522,65363968,52908032
261,574,0.0168681,65363968,52908032
262,575,0.0168575,65363968,52908032
263,577,0.0167623,65363968,52908032
264,580,0.0168692,65363968,52908032
265,583,0.016894,65363968,52908032
266,587,0.0168399,65363968,52908032
267,593,0.016862,65363968,52908032
268,599,0.0167912,65363968,52908032
269,600,0.0168666,65363968,52908032
270,600,0.0168011,65363968,52908032
271,603,0.016867,65363968,52908032
272,603,0.0167885,65363968,52908032
273,603,0.0167778,65363968,52908032
274,603,0.0167891,65363968,52908032
275,603,0.0168252,65363968,52908032
276,605,0.0167909,65363968,52908032
277,607,0.0168511,65363968,52908032
278,607,0.0167942,65363968,52908032
279,607,0.0167647,65363968,52908032
280,609,0.0167742,65363968,52908032
281,612,0.0167645,65363968,52908032
282,612,0.0168177,65363968,52908032
283,612,0.0168458,65363968,52908032
284,613,0.0168887,65363968,52908032
285,614,0.0168474,65363968,52908032
286,615,0.0168712,65363968,52908032
287,615,0.0168566,65363968,52908032
288,618,0.0169194,65363968,52908032
289,623,0.0166697,65363968,52908032
290,626,0.0168621,65363968,52908032
291,626,0.0168495,65363968,52908032
292,628,0.0168765,65363968,52908032
293,629,0.0167872,65363968,52908032
294,630,0.0167704,65363968,52908032
295,630,0.0167828,65363968,52908032
296,637,0.0167383,65363968,52908032
297,637,0.0167507,65363968,52908032
298,639,0.0167548,65380352,52928512
299,640,0.0167479,65380352,52928512
300,643,0.0167387,65380352,52928512
301,643,0.016763,65380352,52928512
302,652,0.0167322,65380352,52928512
303,656,0.0167548,65380352,52928512
304,658,0.016747,65380352,52928512
305,660,0.0168547,65380352,52928512
306,661,0.0166653,65380352,52928512
307,661,0.0167391,65380352,52928512
308,662,0.0167909,65380352,52928512
309,664,0.0167415,65380352,52928512
310,664,0.0167482,65380352,52928512
311,667,0.0167213,65380352,52928512
312,667,0.0167772,65380352,52928512
313,672,0.0167781,65380352,52928512
314,675,0.0167902,65380352,52928512
315,675,0.0168502,65368064,52916224
316,675,0.0167667,65368064,52916224
317,675,0.0167864,65368064,52916224
318,675,0.0167946,65368064,52916224
319,677,0.0168304,65368064,52916224
320,678,0.0168005,65368064,52916224
321,682,0.0168531,65368064,52916224
322,684,0.0168765,65368064,52916224
323,684,0.0168527,65368064,52916224
324,684,0.0168005,65368064,52916224
325,684,0.0167371,65368064,52916224
326,688,0.0167565,65368064,52916224
327,692,0.0168528,65368064,52916224
328,692,0.0168587,65368064,52916224
329,693,0.0167635,65368064,52916224
330,693,0.0168276,65368064,52916224
331,696,0.0168626,65368064,52916224
332,696,0.0167973,65368064,52916224
333,697,0.0167824,65368064,52916224
334,697,0.0168506,65368064,52916224
335,698,0.0167963,65368064,52916224
336,703,0.0168566,65368064,52916224
337,707,0.0167914,65368064,52916224
338,707,0.0168022,65368064,52916224
339,710,0.0167288,64303104,51851264
340,714,0.0167314,64348160,51896320
341,715,0.0167401,64348160,51896320
342,716,0.0167422,64348160,51896320
343,721,0.0167542,64348160,51896320
344,731,0.0167469,64348160,51896320
345,737,0.0167516,64348160,51896320
346,740,0.0167181,64348160,51896320
347,757,0.0169733,64348160,51896320
348,757,0.0167369,64348160,51896320
349,758,0.016752,64348160,51896320
350,758,0.0167468,64348160,51896320
351,760,0.0167503,53862400,41410560
352,761,0.0167668,53862400,41410560
353,769,0.0167345,53862400,41410560
354,770,0.016725,53862400,41410560
355,772,0.016744,53862400,41410560
356,773,0.0167634,53862400,41410560
357,775,0.0167252,53862400,41410560
358,776,0.0167533,53862400,41410560
359,781,0.0167287,53862400,41410560
360,783,0.0167836,53862400,41410560
361,783,0.0167442,53862400,41410560
362,785,0.0168868,53862400,41410560
363,788,0.0166399,53862400,41410560
364,790,0.0167562,53862400,41410560
365,801,0.0167655,53862400,41410560
366,804,0.016776,53862400,41410560
367,805,0.016733,53862400,41410560
368,807,0.0167251,53862400,41410560
369,810,0.0167403,53862400,41410560
370,810,0.0167559,53862400,41410560
371,810,0.0167395,53862400,41410560
372,812,0.0167456,53862400,41410560
373,817,0.0167626,53862400,41410560
374,817,0.0167453,53862400,41410560
375,821,0.0167443,53862400,41410560
376,825,0.0167458,53862400,41410560
377,825,0.0167767,53862400,41410560
378,826,0.0167197,53862400,41410560
379,832,0.0167489,53862400,41410560
380,835,0.0167361,53862400,41410560
381,838,0.0167815,53862400,41410560
382,838,0.0167383,53862400,41410560
383,839,0.0167438,53862400,41410560
384,841,0.0167462,53862400,41410560
385,841,0.0167809,53862400,41410560
386,846,0.0167289,53862400,41410560
387,847,0.016725,53862400,41410560
388,847,0.0167401,53862400,41410560
389,847,0.0167878,53862400,41410560
390,854,0.0167181,53862400,41410560
391,855,0.0167487,53862400,41410560
392,856,0.0167487,53862400,41410560
393,856,0.0167477,53862400,41410560
394,857,0.0167788,53862400,41410560
395,861,0.0167461,53862400,41410560
396,866,0.0167503,53862400,41410560
397,867,0.0167166,53862400,41410560
398,874,0.0167348,53862400,41410560
399,883,0.0172529,53862400,41410560
400,883,0.0168653,53862400,41410560
401,887,0.0167812,53862400,41410560
402,887,0.0167142,53862400,41410560
403,890,0.0167424,53862400,41410560
404,901,0.01676,53878784,41431040
405,902,0.0167624,53878784,41431040
406,910,0.0167349,53878784,41431040
407,914,0.0167993,53878784,41431040
408,915,0.0167525,53878784,41431040
409,916,0.01677,53878784,41431040
410,916,0.0167862,53878784,41431040
411,918,0.0167899,53878784,41431040
412,926,0.0168655,53878784,41431040
413,926,0.0175351,53878784,41431040
414,930,0.0166755,53878784,41431040
415,932,0.0167561,53878784,41431040
416,932,0.0167323,53878784,41431040
417,934,0.0167802,53878784,41431040
418,941,0.0167476,53878784,41431040
419,944,0.0170218,53878784,41431040
420,949,0.0167496,53878784,41431040
421,952,0.0178718,53878784,41431040
422,956,0.0167408,53878784,41431040
423,959,0.0174396,53878784,41431040
424,963,0.0167574,53878784,41431040
425,964,0.016727,53878784,41431040
426,967,0.0167481,53878784,41431040
427,967,0.0167446,53878784,41431040
428,974,0.016759,53878784,41431040
429,980,0.0167869,53878784,41431040
430,982,0.0186323,53878784,41431040
431,985,0.0167439,53878784,41431040
432,985,0.0170033,53878784,41431040
433,985,0.0167477,53878784,41431040
434,985,0.0167201,53878784,41431040
435,990,0.0167407,53878784,41431040
436,990,0.0176577,53878784,41431040
437,990,0.016754,53878784,41431040
438,991,0.0168056,53878784,41431040
439,1001,0.0166885,53878784,41431040
440,1002,0.0194997,53878784,41431040
441,1003,0.0167207,53878784,41431040
442,1007,0.0167441,53878784,41431040
443,1014,0.0182963,53878784,41431040
444,1016,0.019481,53878784,41431040
445,1018,0.0178495,53878784,41431040
446,1018,0.0167504,53878784,41431040
447,1018,0.0167576,53878784,41431040
448,1021,0.0167396,53911552,41467904
449,1023,0.0185028,53911552,41467904
450,1024,0.0181711,53911552,41467904
451,1030,0.0167438,53911552,41467904
452,1030,0.0198216,53911552,41467904
453,1030,0.0167387,53911552,41467904
454,1031,0.0167419,53911552,41467904
455,1037,0.0168597,53911552,41467904
456,1037,0.0186582,53911552,41467904
457,1037,0.0176281,53911552,41467904
458,1042,0.0169997,53911552,41467904
459,1043,0.019403,53911552,41467904
460,1046,0.0174379,53911552,41467904
461,1046,0.0183775,53911552,41467904
462,1050,0.0175756,53911552,41467904
463,1052,0.0191913,53911552,41467904
464,1052,0.0180356,53911552,41467904
465,1056,0.0181922,53911552,41467904
466,1058,0.0190737,53911552,41467904
467,1059,0.018067,53911552,41467904
468,1059,0.0180608,53911552,41467904
469,1059,0.01733,53911552,41467904
470,1059,0.0174794,53911552,41467904
471,1059,0.0178208,53911552,41467904
472,1069,0.0173961,53972992,41533440
473,1075,0.0220153,53972992,41533440
474,1075,0.0202857,53972992,41533440
475,1075,0.0187531,53972992,41533440
476,1075,0.0183385,53972992,41533440
477,1076,0.0185913,53972992,41533440
478,1080,0.0185122,53972992,41533440
479,1080,0.0201449,53972992,41533440
480,1080,0.0183756,53972992,41533440
481,1080,0.0183086,53972992,41533440
482,1081,0.018103,53972992,41533440
483,1087,0.0183083,53972992,41533440
484,1089,0.0203315,53972992,41533440
485,1090,0.0193972,53972992,41533440
486,1091,0.0193793,53972992,41533440
487,1094,0.0192681,53972992,41533440
488,1097,0.0198485,53972992,41533440
489,1102,0.0193874,53972992,41533440
490,1102,0.0201189,53972992,41533440
491,1107,0.0187634,53972992,41533440
492,1111,0.020662,53972992,41533440
493,1111,0.0214473,53972992,41533440
494,1120,0.0210326,53972992,41533440
495,1122,0.0219348,53972992,41533440
496,1127,0.0209437,53972992,41533440
497,1136,0.0204533,53972992,41533440
498,1137,0.0240698,53972992,41533440
499,1137,0.0201072,53972992,41533440
500,1138,0.0194723,53972992,41533440
501,1138,0.0194685,53972992,41533440
502,1140,0.0193187,53972992,41533440
503,1141,0.0207449,53972992,41533440
504,1144,0.0200933,53972992,41533440
505,1152,0.0200852,53972992,41533440
506,1152,0.0209427,53972992,41533440
507,1152,0.0200078,53972992,41533440
508,1153,0.019493,53972992,41533440
509,1161,0.0201551,53972992,41533440
510,1169,0.023598,53972992,41533440
511,1172,0.0238464,53972992,41533440
512,1175,0.0203902,53972992,41533440
513,1176,0.0209552,53972992,41533440
514,1176,0.0212131,53972992,41533440
515,1179,0.0201937,53972992,41533440
516,1183,0.0210173,53972992,41533440
517,1185,0.0222747,53972992,41533440
518,1185,0.0215058,53972992,41533440
519,1186,0.0207944,53972992,41533440
520,1196,0.0206356,53972992,41533440
521,1196,0.025001,53972992,41533440
522,1199,0.0220934,53972992,41533440
523,1200,0.0219654,53972992,41533440
524,1203,0.0219956,53972992,41533440
525,1208,0.0212361,53972992,41533440
526,1208,0.0244223,53972992,41533440
527,1209,0.0216802,53972992,41533440
528,1212,0.020672,53972992,41533440
529,1213,0.0224041,53972992,41533440
530,1214,0.021808,53972992,41533440
531,1218,0.0211439,53972992,41533440
532,1218,0.0237522,53972992,41533440
533,1218,0.020488,53972992,41533440
534,1224,0.0211035,53972992,41533440
535,1225,0.02391,53972992,41533440
536,1228,0.0218644,53972992,41533440
537,1229,0.0222541,53972992,41533440
538,1229,0.0219161,53972992,41533440
539,1240,0.0218626,53972992,41533440
540,1240,0.0263194,53972992,41533440
541,1240,0.0213362,53972992,41533440
542,1240,0.0211618,53972992,41533440
543,1240,0.0207662,53972992,41533440
544,1240,0.0212145,53972992,41533440
545,1240,0.0212483,53972992,41533440
546,1242,0.0219058,53972992,41533440
547,1242,0.0224487,53972992,41533440
548,1252,0.0211568,53972992,41533440
549,1254,0.0251126,53972992,41533440
550,1254,0.0227822,53972992,41533440
551,1254,0.0223882,53972992,41533440
552,1254,0.0236598,53972992,41533440
553,1254,0.0211289,53972992,41533440
554,1254,0.0208982,53972992,41533440
555,1258,0.0214842,53972992,41533440
556,1258,0.0235317,53972992,41533440
557,1260,0.0215287,53972992,41533440
558,1263,0.0216452,53972992,41533440
559,1264,0.0226198,53972992,41533440
560,1264,0.0215028,53972992,41533440
561,1264,0.0224964,53972992,41533440
562,1267,0.0210524,53972992,41533440
563,1269,0.02308,53972992,41533440
564,1269,0.0234403,53972992,41533440
565,1270,0.0220636,53972992,41533440
566,1271,0.021818,53972992,41533440
567,1272,0.0224063,53972992,41533440
568,1276,0.0226338,53972992,41533440
569,1288,0.0242988,53972992,41533440
570,1296,0.0278606,53972992,41533440
571,1298,0.0259022,53972992,41533440
572,1303,0.0228155,53972992,41533440
573,1303,0.0272924,53972992,41533440
574,1304,0.0227537,53972992,41533440
575,1304,0.0220401,53972992,41533440
576,1304,0.023637,53972992,41533440
577,1314,0.021836,53972992,41533440
578,1315,0.026535,53972992,41533440
579,1319,0.0229991,53972992,41533440
580,1320,0.0252671,53972992,41533440
581,1322,0.0227668,53972992,41533440
582,1323,0.0233795,53972992,41533440
583,1326,0.0269383,53972992,41533440
584,1329,0.0247968,53972992,41533440
585,1331,0.0259287,53972992,41533440
586,1331,0.0243454,53972992,41533440
587,1333,0.023308,53972992,41533440
588,1344,0.0251052,53972992,41533440
589,1350,0.0323643,53972992,41533440
590,1351,0.0264143,53972992,41533440
591,1353,0.0252703,53972992,41533440
592,1356,0.0253677,53972992,41533440
593,1357,0.026087,53972992,41533440
594,1364,0.0243345,53972992,41533440
595,1367,0.0291912,53972992,41533440
596,1368,0.0259803,53972992,41533440
597,1370,0.0241256,53972992,41533440
598,1373,0.0253663,53972992,41533440
599,1381,0.025119,53972992,41533440
600,1384,0.0266922,53972992,41533440
601,1385,0.027164,53972992,41533440
602,1385,0.0265547,53972992,41533440
603,1387,0.0247827,53972992,41533440
604,1388,0.0260357,53972992,41533440
605,1392,0.0254126,53972992,41533440
606,1394,0.0258768,53972992,41533440
607,1399,0.0279086,53972992,41533440
608,1408,0.0272331,53972992,41533440
609,1408,0.0282125,53972992,41533440
610,1408,0.0260404,53972992,41533440
611,1408,0.0252916,53972992,41533440
612,1411,0.0253904,53972992,41533440
613,1412,0.0259357,53972992,41533440
614,1414,0.0248273,53972992,41533440
615,1415,0.0256104,53972992,41533440
616,1415,0.0251257,53972992,41533440
617,1415,0.024462,53972992,41533440
618,1422,0.0270167,53972992,41533440
619,1423,0.0324302,53972992,41533440
620,1427,0.0245894,53972992,41533440
621,1429,0.0263598,53972992,41533440
622,1433,0.0276223,53972992,41533440
623,1449,0.0270914,53972992,41533440
624,1450,0.030754,53972992,41533440
625,1451,0.0257797,53972992,41533440
626,1452,0.0264253,53972992,41533440
627,1458,0.0267446,53972992,41533440
628,1458,0.0298748,53972992,41533440
629,1458,0.0258916,53972992,41533440
630,1458,0.0260812,53972992,41533440
631,1463,0.0254728,53972992,41533440
632,1468,0.0297356,53972992,41533440
633,1477,0.0277397,53972992,41533440
634,1482,0.030399,53972992,41533440
635,1488,0.0288121,53972992,41533440
636,1493,0.0317461,53972992,41533440
637,1495,0.0286945,53972992,41533440
638,1498,0.0268081,53972992,41533440
639,1498,0.0288042,53972992,41533440
640,1500,0.0265504,53972992,41533440
641,1500,0.0277099,53972992,41533440
642,1500,0.0260211,53972992,41533440
643,1500,0.0260865,53972992,41533440
644,1500,0.027601,53972992,41533440
645,1500,0.0265303,53972992,41533440
646,1500,0.0276817,53972992,41533440
647,1500,0.0278444,53972992,41533440
648,1500,0.0268358,53972992,41533440
649,1500,0.0263703,53972992,41533440
650,1500,0.025809,53972992,41533440
651,1500,0.0269573,53972992,41533440
652,1500,0.0258606,53972992,41533440
653,1500,0.0273183,53972992,41533440
654,1500,0.0271411,53972992,41533440
655,1500,0.0257735,53972992,41533440
656,1500,0.0262701,53972992,41533440
657,1500,0.0275311,53972992,41533440
658,1500,0.02802,53972992,41533440
659,1500,0.026726,53972992,41533440
660,1500,0.0272433,53972992,41533440
661,1500,0.0262862,53972992,41533440
662,1500,0.026748,53972992,41533440
663,1500,0.0273299,53972992,41533440
664,1500,0.026463,53972992,41533440
665,1500,0.0270143,53972992,41533440
666,1500,0.0259782,53972992,41533440
667,1500,0.0253195,53972992,41533440
668,1500,0.0262002,53972992,41533440
669,1500,0.0271807,53972992,41533440
670,1500,0.0279321,53972992,41533440
671,1500,0.0255914,53972992,41533440
672,1500,0.026818,53972992,41533440
673,1500,0.0274683,53972992,41533440
674,1500,0.0272547,53972992,41533440
675,1500,0.0257706,53972992,41533440
676,1500,0.0270274,53972992,41533440
677,1500,0.0268319,53972992,41533440
678,1500,0.0263156,53972992,41533440
679,1500,0.0264422,53972992,41533440
680,1500,0.0275365,53972992,41533440
681,1500,0.0270112,53972992,41533440
682,1500,0.0282043,53972992,41533440
683,1500,0.0279383,53972992,41533440
684,1500,0.0280941,53972992,41533440
685,1500,0.0273302,53972992,41533440
686,1500,0.0314725,53972992,41533440
687,1500,0.0266554,53972992,41533440
688,1500,0.0276349,53972992,41533440
689,1500,0.0281966,53972992,41533440
690,1500,0.027972,53972992,41533440
691,1500,0.0282294,53972992,41533440
692,1500,0.0277105,53972992,41533440
693,1500,0.0275847,53972992,41533440
694,1500,0.029345,53972992,41533440
695,1500,0.0304697,53972992,41533440
696,1500,0.0273854,53972992,41533440
697,1500,0.0266447,53972992,41533440
698,1500,0.0282757,53972992,41533440
699,1500,0.0270263,53972992,41533440
700,1500,0.0279889,53972992,41533440
701,1500,0.0265643,53972992,41533440
702,1500,0.0283566,53972992,41533440
703,1500,0.0313924,53972992,41533440
704,1500,0.0272807,53972992,41533440
705,1500,0.0275673,53972992,41533440
706,1500,0.0268475,53972992,41533440
707,1500,0.0272023,53972992,41533440
708,1500,0.0279745,53972992,41533440
709,1500,0.0274562,53972992,41533440
710,1500,0.0274363,53972992,41533440
711,1500,0.0277424,53972992,41533440
712,1500,0.0275322,53972992,41533440
713,1500,0.0278234,53972992,41533440
714,1500,0.0279238,53972992,41533440
715,1500,0.0275667,53972992,41533440
716,1500,0.0264259,53972992,41533440
717,1500,0.0279343,53972992,41533440
718,1500,0.0286618,53972992,41533440
719,1500,0.0277378,53972992,41533440
720,1500,0.027364,53972992,41533440
721,1500,0.0287486,53972992,41533440
722,1500,0.0282647,53972992,41533440
723,1500,0.0276544,53972992,41533440
724,1500,0.0277628,53972992,41533440
725,1500,0.0289333,53972992,41533440
726,1500,0.0292372,53972992,41533440
727,1500,0.027483,53972992,41533440
728,1500,0.0287249,53972992,41533440
729,1500,0.0284495,53972992,41533440
730,1500,0.0267262,53972992,41533440
731,1500,0.0273887,53972992,41533440
732,1500,0.0285945,53972992,41533440
733,1500,0.028207,53972992,41533440
734,1500,0.0286807,53972992,41533440
735,1500,0.0267991,53972992,41533440
736,1500,0.0270528,53972992,41533440
737,1500,0.0268878,53972992,41533440
738,1500,0.0278948,53972992,41533440
739,1500,0.0285295,53972992,41533440
740,1500,0.0273215,53972992,41533440
741,1500,0.0292275,53972992,41533440
742,1500,0.0287227,53972992,41533440
743,1500,0.0310255,53972992,41533440
744,1500,0.0285519,53972992,41533440
745,1500,0.0282871,53972992,41533440
746,1500,0.0290384,53972992,41533440
747,1500,0.0286757,53972992,41533440
748,1500,0.028772,53972992,41533440
749,1500,0.0295228,53972992,41533440
750,1500,0.0287203,53972992,41533440
751,1500,0.029573,53972992,41533440
752,1500,0.0277993,53972992,41533440
753,1500,0.0292703,53972992,41533440
754,1500,0.0276754,53972992,41533440
755,1500,0.0307109,53972992,41533440
756,1500,0.0280166,53972992,41533440
757,1500,0.0279978,53972992,41533440
758,1500,0.0288353,53972992,41533440
759,1500,0.0285641,53972992,41533440
760,1500,0.0280933,53972992,41533440
761,1500,0.0273925,53972992,41533440
762,1500,0.0280896,53972992,41533440
763,1500,0.0279078,53972992,41533440
764,1500,0.028186,53972992,41533440
765,1500,0.026745,53972992,41533440
766,1500,0.0277733,53972992,41533440
767,1500,0.0271291,53972992,41533440
768,1500,0.0283197,53972992,41533440
769,1500,0.0284113,53972992,41533440
770,1500,0.0300382,53972992,41533440
771,1500,0.0301406,53972992,41533440
772,1500,0.0282661,53972992,41533440
773,1500,0.0286392,53972992,41533440
774,1500,0.0283209,53972992,41533440
775,1500,0.0274095,53972992,41533440
776,1500,0.0277201,53972992,41533440
777,1500,0.0278331,53972992,41533440
778,1500,0.0278495,53972992,41533440
779,1500,0.0289599,53972992,41533440
780,1500,0.0272908,53972992,41533440
781,1500,0.0285909,53972992,41533440
782,1500,0.0297857,53972992,41533440
783,1500,0.027371,53972992,41533440
784,1500,0.0275905,53972992,41533440
785,1500,0.0289569,53972992,41533440
786,1500,0.0289779,53972992,41533440
787,1500,0.0271477,53972992,41533440
788,1500,0.0282782,53972992,41533440
789,1500,0.0278424,53972992,41533440
790,1500,0.0287101,53972992,41533440
791,1500,0.0270946,53972992,41533440
792,1500,0.0276546,53972992,41533440
793,1500,0.0279085,53972992,41533440
794,1500,0.027836,53972992,41533440
795,1500,0.0295383,53972992,41533440
796,1500,0.0284152,53972992,41533440
797,1500,0.02733,53972992,41533440
798,1500,0.0277997,53972992,41533440
799,1500,0.0271122,53972992,41533440
800,1500,0.0297982,53972992,41533440
801,1500,0.0291303,53972992,41533440
802,1500,0.027957,53972992,41533440
803,1500,0.0275285,53972992,41533440
804,1500,0.0280687,53972992,41533440
805,1500,0.0297949,53972992,41533440
806,1500,0.0271254,53972992,41533440
807,1500,0.0291378,53972992,41533440
808,1500,0.0293353,53972992,41533440
809,1500,0.0281031,53972992,41533440
810,1500,0.0291607,53972992,41533440
811,1500,0.0267514,53972992,41533440
812,1500,0.026859,53972992,41533440
813,1500,0.0276745,53972992,41533440
814,1500,0.0264274,53972992,41533440
815,1500,0.0283241,53972992,41533440
816,1500,0.0292566,53972992,41533440
817,1500,0.0274757,53972992,41533440
818,1500,0.0285131,53972992,41533440
819,1500,0.0284963,53972992,41533440
820,1500,0.0278165,53972992,41533440
821,1500,0.027672,53972992,41533440
822,1500,0.0279082,53972992,41533440
823,1500,0.027458,53972992,41533440
824,1500,0.0275167,53972992,41533440
825,1500,0.0288887,53972992,41533440
826,1500,0.026997,53972992,41533440
827,1500,0.0271398,53972992,41533440
828,1500,0.0275276,53972992,41533440
829,1500,0.0288773,53972992,41533440
830,1500,0.0288801,53972992,41533440
831,1500,0.0285424,53972992,41533440
832,1500,0.0268164,53972992,41533440
833,1500,0.0293353,53972992,41533440
834,1500,0.0274157,53972992,41533440
835,1500,0.0274289,53972992,41533440
836,1500,0.0274335,53972992,41533440
837,1500,0.0292715,53972992,41533440
838,1500,0.0306403,53972992,41533440
839,1500,0.0276027,53972992,41533440
840,1500,0.0267533,53972992,41533440
841,1500,0.0281198,53972992,41533440
842,1500,0.0277985,53972992,41533440
843,1500,0.0278536,53972992,41533440
844,1500,0.0279447,53972992,41533440
845,1500,0.0281791,53972992,41533440
846,1500,0.0295355,53972992,41533440
847,1500,0.0271206,53972992,41533440
848,1500,0.0297937,53972992,41533440
849,1500,0.026599,53972992,41533440
850,1500,0.0274002,53972992,41533440
851,1500,0.0287984,53972992,41533440
852,1500,0.0287234,53972992,41533440
853,1500,0.0295959,53972992,41533440
854,1500,0.0286926,53972992,41533440
855,1500,0.0308257,53972992,41533440
856,1500,0.0265859,53972992,41533440
857,1500,0.0275592,53972992,41533440
858,1500,0.0289956,53972992,41533440
859,1500,0.0286001,53972992,41533440
860,1500,0.0274751,53972992,41533440
861,1500,0.0281444,53972992,41533440
862,1500,0.0286366,53972992,41533440
863,1500,0.0287809,53972992,41533440
864,1500,0.030402,53972992,41533440
865,1500,0.0301187,53972992,41533440
866,1500,0.0265477,53972992,41533440
867,1500,0.0279311,53972992,41533440
868,1500,0.0269574,53972992,41533440
869,1500,0.0284533,53972992,41533440
870,1500,0.0293717,53972992,41533440
871,1500,0.0291916,53972992,41533440
872,1500,0.0280819,53972992,41533440
873,1500,0.0298253,53972992,41533440
874,1500,0.0295049,53972992,41533440
875,1500,0.031065,53972992,41533440
876,1500,0.027792,53972992,41533440
877,1500,0.028962,53972992,41533440
878,1500,0.0273667,53972992,41533440
879,1500,0.0293678,53972992,41533440
880,1500,0.0282543,53972992,41533440
881,1500,0.0269775,53972992,41533440
882,1500,0.0275378,53972992,41533440
883,1500,0.0284553,53972992,41533440
884,1500,0.0306143,53972992,41533440
885,1500,0.0282038,53972992,41533440
886,1500,0.0276581,53972992,41533440
887,1500,0.0291622,53972992,41533440
888,1500,0.0274798,53972992,41533440
889,1500,0.0287148,53972992,41533440
890,1500,0.0279493,53972992,41533440
891,1500,0.0279802,53972992,41533440
892,1500,0.0283277,53972992,41533440
893,1500,0.0300157,53972992,41533440
894,1500,0.0277474,53972992,41533440
895,1500,0.027993,53972992,41533440
896,1500,0.0294531,53972992,41533440
897,1500,0.0274572,53972992,41533440
898,1500,0.0273786,53972992,41533440
899,1500,0.0292125,53972992,41533440
900,1500,0.0286357,53972992,41533440
901,1500,0.0284623,53972992,41533440
902,1500,0.029184,53972992,41533440
903,1500,0.0285984,53972992,41533440
904,1500,0.0279181,53972992,41533440
905,1500,0.0285542,53972992,41533440
906,1500,0.0297538,53972992,41533440
907,1500,0.029099,53972992,41533440
908,1500,0.030329,53972992,41533440
909,1500,0.0271006,53972992,41533440
910,1500,0.0279074,53972992,41533440
911,1500,0.031594,53972992,41533440
912,1500,0.0287743,53972992,41533440
913,1500,0.0310997,53972992,41533440
914,1500,0.0310097,53972992,41533440
915,1500,0.0278178,53972992,41533440
916,1500,0.0275218,53972992,41533440
917,1500,0.0293988,53972992,41533440
918,1500,0.0266588,53972992,41533440
919,1500,0.0275428,53972992,41533440
920,1500,0.0274101,53972992,41533440
921,1500,0.0277875,53972992,41533440
922,1500,0.030236,53972992,41533440
923,1500,0.0299348,53972992,41533440
924,1500,0.028699,53972992,41533440
925,1500,0.0279182,53972992,41533440
926,1500,0.0284489,53972992,41533440
927,1500,0.0283192,53972992,41533440
928,1500,0.0274585,53972992,41533440
929,1500,0.0284574,53972992,41533440
930,1500,0.0273365,53972992,41533440
931,1500,0.0287226,53972992,41533440
932,1500,0.0289677,53972992,41533440
933,1500,0.0289019,53972992,41533440
934,1500,0.0271954,53972992,41533440
935,1500,0.0286932,53972992,41533440
936,1500,0.0278298,53972992,41533440
937,1500,0.0280471,53972992,41533440
938,1500,0.0272946,53972992,41533440
939,1500,0.0278315,53972992,41533440
940,1500,0.0287701,53972992,41533440
941,1500,0.0276417,53972992,41533440
942,1500,0.027333,53972992,41533440
943,1500,0.0282015,53972992,41533440
944,1500,0.0287185,53972992,41533440
945,1500,0.0302648,53972992,41533440
946,1500,0.0280336,53972992,41533440
947,1500,0.0279082,53972992,41533440
948,1500,0.0278199,53972992,41533440
949,1500,0.0287449,53972992,41533440
950,1500,0.0283439,53972992,41533440
951,1500,0.0286097,53972992,41533440
952,1500,0.027552,53972992,41533440
953,1500,0.0281428,53972992,41533440
954,1500,0.0275797,53972992,41533440
955,1500,0.0272285,53972992,41533440
956,1500,0.0293114,53972992,41533440
957,1500,0.0280408,53972992,41533440
958,1500,0.0304446,53972992,41533440
959,1500,0.0324474,53972992,41533440
960,1500,0.0274108,53972992,41533440
961,1500,0.0267531,53972992,41533440
962,1500,0.0298163,53972992,41533440
963,1500,0.028319,53972992,41533440
964,1500,0.0279545,53972992,41533440
965,1500,0.0283029,53972992,41533440
966,1500,0.0277596,53972992,41533440
967,1500,0.0276188,53972992,41533440
968,1500,0.0313669,53972992,41533440
969,1500,0.0286161,53972992,41533440
970,1500,0.0270432,53972992,41533440
971,1500,0.0281314,53972992,41533440
972,1500,0.0270402,53972992,41533440
973,1500,0.0281495,53972992,41533440
974,1500,0.0279133,53972992,41533440
975,1500,0.0268874,53972992,41533440
976,1500,0.0313499,53972992,41533440
977,1500,0.0312201,53972992,41533440
978,1500,0.027599,53972992,41533440
979,1500,0.028147,53972992,41533440
980,1500,0.0288466,53972992,41533440
981,1500,0.0274679,53972992,41533440
982,1500,0.0275866,53972992,41533440
983,1500,0.0281592,53972992,41533440
984,1500,0.0283576,53972992,41533440
985,1500,0.0276178,53972992,41533440
986,1500,0.0289528,53972992,41533440
987,1500,0.0280584,53972992,41533440
988,1500,0.0278102,53972992,41533440
989,1500,0.0287362,53972992,41533440
990,1500,0.0279801,53972992,41533440
991,1500,0.0281242,53972992,41533440
992,1500,0.0268607,53972992,41533440
993,1500,0.0272363,53972992,41533440
994,1500,0.0295361,53972992,41533440
995,1500,0.0283121,53972992,41533440
996,1500,0.0275641,53972992,41533440
997,1500,0.0282969,53972992,41533440
998,1500,0.0271764,53972992,41533440
999,1500,0.0283145,53972992,41533440
1000,1500,0.0274857,53972992,41533440
1001,1500,0.0275826,53972992,41533440
1002,1500,0.0288091,53972992,41533440
1003,1500,0.0276113,53972992,41533440
1004,1500,0.0287914,53972992,41533440
1005,1500,0.0267942,53972992,41533440
1006,1500,0.0276644,53972992,41533440
1007,1500,0.028699,53972992,41533440
1008,1500,0.0283254,53972992,41533440
1009,1500,0.0293964,53972992,41533440
1010,1500,0.0273591,53972992,41533440
1011,1500,0.0277477,53972992,41533440
1012,1500,0.0275281,53972992,41533440
1013,1500,0.0282506,53972992,41533440
1014,1500,0.0272394,53972992,41533440
1015,1500,0.027596,53972992,41533440
1016,1500,0.0267396,53972992,41533440
1017,1500,0.0296727,53972992,41533440
1018,1500,0.0282588,53972992,41533440
1019,1500,0.0259934,53972992,41533440
1020,1500,0.0274341,53972992,41533440
1021,1500,0.0283047,53972992,41533440
1022,1500,0.0280398,53972992,41533440
1023,1500,0.0280841,53972992,41533440
1024,1500,0.0284505,53972992,41533440
1025,1500,0.0271512,53972992,41533440
1026,1500,0.0285994,53972992,41533440
1027,1500,0.0277658,53972992,41533440
1028,1500,0.0267886,53972992,41533440
1029,1500,0.0267284,53972992,41533440
1030,1500,0.0308041,53972992,41533440
1031,1500,0.0280057,53972992,41533440
1032,1500,0.0275383,53972992,41533440
1033,1500,0.0274886,53972992,41533440
1034,1500,0.0291428,53972992,41533440
1035,1500,0.0271894,53972992,41533440
1036,1500,0.0279596,53972992,41533440
1037,1500,0.0269833,53972992,41533440
1038,1500,0.0278391,53972992,41533440
1039,1500,0.0311673,53972992,41533440
1040,1500,0.0272226,53972992,41533440
1041,1500,0.0265667,53972992,41533440
1042,1500,0.0290248,53972992,41533440
1043,1500,0.0268788,53972992,41533440
1044,1500,0.0282516,53972992,41533440
1045,1500,0.0283138,53972992,41533440
1046,1500,0.0281036,53972992,41533440
1047,1500,0.0275677,53972992,41533440
1048,1500,0.0276015,53972992,41533440
1049,1500,0.0272705,53972992,41533440
1050,1500,0.0295051,53972992,41533440
1051,1500,0.0276612,53972992,41533440
1052,1500,0.028473,53972992,41533440
1053,1500,0.0279324,53972992,41533440
1054,1500,0.0274181,53972992,41533440
1055,1500,0.0278411,53972992,41533440
1056,1500,0.0273352,53972992,41533440
1057,1500,0.0276982,53972992,41533440
1058,1500,0.0286649,53972992,41533440
1059,1500,0.0272439,53972992,41533440
1060,1500,0.0268174,53972992,41533440
1061,1500,0.0278854,53972992,41533440
1062,1500,0.0275324,53972992,41533440
1063,1500,0.0282864,53972992,41533440
1064,1500,0.0277179,53972992,41533440
1065,1500,0.0295858,53972992,41533440
1066,1500,0.0285861,53972992,41533440
1067,1500,0.028201,53972992,41533440
1068,1500,0.0275072,53972992,41533440
1069,1500,0.0293395,53972992,41533440
1070,1500,0.0275785,53972992,41533440
1071,1500,0.027285,53972992,41533440
1072,1500,0.0294644,53972992,41533440
1073,1500,0.0279232,53972992,41533440
1074,1500,0.0285097,53972992,41533440
1075,1500,0.0288986,53972992,41533440
1076,1500,0.0280138,53972992,41533440
1077,1500,0.0278249,53972992,41533440
1078,1500,0.0289189,53972992,41533440
1079,1500,0.0273083,53972992,41533440
1080,1500,0.0283447,53972992,41533440
1081,1500,0.0274248,53972992,41533440
1082,1500,0.0271168,53972992,41533440
1083,1500,0.0311648,53972992,41533440
1084,1500,0.0297957,53972992,41533440
1085,1500,0.0279038,53972992,41533440
1086,1500,0.0281591,53972992,41533440
1087,1500,0.0285375,53972992,41533440
1088,1500,0.0275027,53972992,41533440
1089,1500,0.0282111,53972992,41533440
1090,1500,0.0286755,53972992,41533440
1091,1500,0.0284274,53972992,41533440
1092,1500,0.027698,53972992,41533440
1093,1500,0.0291364,53972992,41533440
1094,1500,0.0278906,53972992,41533440
1095,1500,0.0281339,53972992,41533440
1096,1500,0.0276771,53972992,41533440
1097,1500,0.0281901,53972992,41533440
1098,1500,0.027435,53972992,41533440
1099,1500,0.0281814,53972992,41533440
1100,1500,0.0266911,53972992,41533440
1101,1500,0.0290763,53972992,41533440
1102,1500,0.0270356,53972992,41533440
1103,1500,0.0274029,53972992,41533440
1104,1500,0.0282496,53972992,41533440
1105,1500,0.0275148,53972992,41533440
1106,1500,0.0291705,53972992,41533440
1107,1500,0.0271558,53972992,41533440
1108,1500,0.028388,53972992,41533440
1109,1500,0.0293413,53972992,41533440
1110,1500,0.0270886,53972992,41533440
1111,1500,0.0266717,53972992,41533440
1112,1500,0.0266902,53972992,41533440
1113,1500,0.0281612,53972992,41533440
1114,1500,0.0275463,53972992,41533440
1115,1500,0.0265162,53972992,41533440
1116,1500,0.0288133,53972992,41533440
1117,1500,0.0270505,53972992,41533440
1118,1500,0.0268826,53972992,41533440
1119,1500,0.0282129,53972992,41533440
1120,1500,0.0277487,53972992,41533440
1121,1500,0.0279797,53972992,41533440
1122,1500,0.0287046,53972992,41533440
1123,1500,0.0277252,53972992,41533440
1124,1500,0.0298081,53972992,41533440
1125,1500,0.0279098,53972992,41533440
1126,1500,0.0291847,53972992,41533440
1127,1500,0.0266769,53972992,41533440
1128,1500,0.0275119,53972992,41533440
1129,1500,0.0266729,53972992,41533440
1130,1500,0.0274729,53972992,41533440
1131,1500,0.0284935,53972992,41533440
1132,1500,0.0287526,53972992,41533440
1133,1500,0.0281248,53972992,41533440
1134,1500,0.0290995,53972992,41533440
1135,1500,0.0288245,53972992,41533440
1136,1500,0.0287581,53972992,41533440
1137,1500,0.0268402,53972992,41533440
1138,1500,0.0270475,53972992,41533440
1139,1500,0.0304673,53972992,41533440
1140,1500,0.027255,53972992,41533440
1141,1500,0.0265718,53972992,41533440
1142,1500,0.0297741,53972992,41533440
1143,1500,0.0278491,53972992,41533440
1144,1500,0.0271364,53972992,41533440
1145,1500,0.0294876,53972992,41533440
1146,1500,0.0276444,53972992,41533440
1147,1500,0.0274209,53972992,41533440
1148,1500,0.0275185,53972992,41533440
1149,1500,0.029571,53972992,41533440
1150,1500,0.0291021,53972992,41533440
1151,1500,0.0276306,53972992,41533440
1152,1500,0.0273871,53972992,41533440
1153,1500,0.0277281,53972992,41533440
1154,1500,0.0280071,53972992,41533440
1155,1500,0.0277149,53972992,41533440
1156,1500,0.0282341,53972992,41533440
1157,1500,0.029752,53972992,41533440
1158,1500,0.0268878,53972992,41533440
1159,1500,0.0291601,53972992,41533440
1160,1500,0.0286466,53972992,41533440
1161,1500,0.0265599,53972992,41533440
1162,1500,0.0274568,53972992,41533440
1163,1500,0.0287834,53972992,41533440
1164,1500,0.0272533,53972992,41533440
1165,1500,0.0276376,53972992,41533440
1166,1500,0.0275713,53972992,41533440
1167,1500,0.0264591,53972992,41533440
1168,1500,0.0289024,53972992,41533440
1169,1500,0.030135,53972992,41533440
1170,1500,0.0284851,53972992,41533440
1171,1500,0.0272722,53972992,41533440
1172,1500,0.0274419,53972992,41533440
1173,1500,0.0283964,53972992,41533440
1174,1500,0.0310021,53972992,41533440
1175,1500,0.0310543,53972992,41533440
1176,1500,0.0269629,53972992,41533440
1177,1500,0.0276889,53972992,41533440
1178,1500,0.0274097,53972992,41533440
1179,1500,0.029091,53972992,41533440
1180,1500,0.0271689,53972992,41533440
1181,1500,0.0273113,53972992,41533440
1182,1500,0.0284307,53972992,41533440
1183,1500,0.0298435,53972992,41533440
1184,1500,0.0325388,53972992,41533440
1185,1500,0.031613,53972992,41533440
1186,1500,0.0283171,53972992,41533440
1187,1500,0.0275752,53972992,41533440
1188,1500,0.0271474,53972992,41533440
1189,1500,0.027675,53972992,41533440
1190,1500,0.0291451,53972992,41533440
1191,1500,0.0279833,53972992,41533440
1192,1500,0.0288513,53972992,41533440
1193,1500,0.026794,53972992,41533440
1194,1500,0.0268109,53972992,41533440
1195,1500,0.0283574,53972992,41533440
1196,1500,0.0279943,53972992,41533440
1197,1500,0.0275367,53972992,41533440
1198,1500,0.0283223,53972992,41533440
1199,1500,0.0275065,53972992,41533440
1200,1500,0.0269976,53972992,41533440
1201,1500,0.0292022,53972992,41533440
1202,1500,0.027494,53972992,41533440
1203,1500,0.0284385,53972992,41533440
1204,1500,0.028298,53972992,41533440
1205,1500,0.0269715,53972992,41533440
1206,1500,0.0270825,53972992,41533440
1207,1500,0.0282735,53972992,41533440
1208,1500,0.0273422,53972992,41533440
1209,1500,0.0263371,53972992,41533440
1210,1500,0.0292675,53972992,41533440
1211,1500,0.0285864,53972992,41533440
1212,1500,0.0279777,53972992,41533440
1213,1500,0.0300142,53972992,41533440
1214,1500,0.0275104,53972992,41533440
1215,1500,0.0274838,53972992,41533440
1216,1500,0.0276417,53972992,41533440
1217,1500,0.030092,53972992,41533440
1218,1500,0.0268479,53972992,41533440
1219,1500,0.0295418,53972992,41533440
1220,1500,0.0289942,53972992,41533440
1221,1500,0.0283883,53972992,41533440
1222,1500,0.0284697,53972992,41533440
1223,1500,0.0267815,53972992,41533440
1224,1500,0.0322411,53972992,41533440
1225,1500,0.0272225,53972992,41533440
1226,1500,0.0262176,53972992,41533440
1227,1500,0.027092,53972992,41533440
1228,1500,0.0275898,53972992,41533440
1229,1500,0.0264161,53972992,41533440
1230,1500,0.0268853,53972992,41533440
1231,1500,0.0275529,53972992,41533440
1232,1500,0.0294301,53972992,41533440
1233,1500,0.0276763,53972992,41533440
1234,1500,0.0292488,53972992,41533440
1235,1500,0.027965,53972992,41533440
1236,1500,0.0312207,53972992,41533440
1237,1500,0.0282259,53972992,41533440
1238,1500,0.0275799,53972992,41533440
1239,1500,0.0277191,53972992,41533440
1240,1500,0.0291874,53972992,41533440
1241,1500,0.0289648,53972992,41533440
1242,1500,0.027538,53972992,41533440
1243,1500,0.0291911,53972992,41533440
1244,1500,0.0314039,53972992,41533440
1245,1500,0.02643,53972992,41533440
1246,1500,0.026948,53972992,41533440
1247,1500,0.0277476,53972992,41533440
1248,1500,0.0279349,53972992,41533440
1249,1500,0.0294845,53972992,41533440
1250,1500,0.0277102,53972992,41533440
1251,1500,0.0277166,53972992,41533440
1252,1500,0.0311906,53972992,41533440
1253,1500,0.0304741,53972992,41533440
1254,1500,0.0312971,54042624,41676800
1255,1500,0.0282814,54042624,41676800
1256,1500,0.0272731,54042624,41676800
1257,1500,0.0265393,54042624,41676800
1258,1500,0.027126,54042624,41676800
1259,1500,0.0262381,54042624,41676800
1260,1500,0.0279275,54042624,41676800
1261,1500,0.0293565,54042624,41676800
1262,1500,0.029824,54042624,41676800
1263,1500,0.026533,54042624,41676800
1264,1500,0.0278625,54042624,41676800
1265,1500,0.0272189,54042624,41676800
1266,1500,0.0275573,54042624,41676800
1267,1500,0.0280528,54042624,41676800
1268,1500,0.0274998,54042624,41676800
1269,1500,0.0283283,54042624,41676800
1270,1500,0.0270584,54042624,41676800
1271,1500,0.0276028,54042624,41676800
1272,1500,0.0271109,54042624,41676800
1273,1500,0.0286799,54042624,41676800
1274,1500,0.0282227,54042624,41676800
1275,1500,0.0281692,54042624,41676800
1276,1500,0.0293844,54042624,41676800
1277,1500,0.0274868,54042624,41676800
1278,1500,0.0273689,54042624,41676800
1279,1500,0.0274036,54042624,41676800
1280,1500,0.0295239,54042624,41676800
1281,1500,0.027545,54042624,41676800
1282,1500,0.0282213,54042624,41676800
1283,1500,0.0319685,54042624,41676800
1284,1500,0.0280098,54042624,41676800
1285,1500,0.0273182,54042624,41676800
1286,1500,0.0287152,54042624,41676800
1287,1500,0.0316404,54042624,41676800
1288,1500,0.027158,54042624,41676800
1289,1500,0.0294991,54042624,41676800
1290,1500,0.0281347,54042624,41676800
1291,1500,0.0291479,54042624,41676800
1292,1500,0.0280419,54042624,41676800
1293,1500,0.0266302,54042624,41676800
1294,1500,0.027372,54042624,41676800
1295,1500,0.0280077,54042624,41676800
1296,1500,0.0271048,54042624,41676800
1297,1500,0.0290302,54042624,41676800
1298,1500,0.0281359,54042624,41676800
1299,1500,0.0271962,54042624,41676800
1300,1500,0.0266788,54042624,41676800
1301,1500,0.0275431,54042624,41676800
1302,1500,0.0284321,54042624,41676800
1303,1500,0.0288109,54042624,41676800
1304,1500,0.031978,54042624,41676800
1305,1500,0.0272518,54042624,41676800
1306,1500,0.027812,54042624,41676800
1307,1500,0.0280561,54042624,41676800
1308,1500,0.0279151,54042624,41676800
1309,1500,0.0304574,54042624,41676800
1310,1500,0.0271309,54042624,41676800
1311,1500,0.0282503,54042624,41676800
1312,1500,0.0290278,54042624,41676800
1313,1500,0.030032,54042624,41676800
1314,1500,0.0274971,54042624,41676800
1315,1500,0.0274663,54042624,41676800
1316,1500,0.0282544,54042624,41676800
1317,1500,0.0291324,54042624,41676800
1318,1500,0.0270507,54042624,41676800
1319,1500,0.0288394,54042624,41676800
1320,1500,0.0294328,54042624,41676800
1321,1500,0.0272648,54042624,41676800
1322,1500,0.0314721,54042624,41676800
1323,1500,0.0307937,54042624,41676800
1324,1500,0.032936,54042624,41676800
1325,1500,0.0293065,54042624,41676800
1326,1500,0.0281337,54042624,41676800
1327,1500,0.0282934,54042624,41676800
1328,1500,0.027907,54042624,41676800
1329,1500,0.0279952,54042624,41676800
1330,1500,0.0280206,54042624,41676800
1331,1500,0.0276071,54042624,41676800
1332,1500,0.0270253,54042624,41676800
1333,1500,0.0299617,54042624,41676800
1334,1500,0.0311566,54042624,41676800
1335,1500,0.0274735,54042624,41676800
1336,1500,0.0281159,54042624,41676800
1337,1500,0.026587,54042624,41676800
1338,1500,0.0275283,54042624,41676800
1339,1500,0.0273543,54042624,41676800
1340,1500,0.0285087,54042624,41676800
1341,1500,0.0283233,54042624,41676800
1342,1500,0.026481,54042624,41676800
1343,1500,0.0276386,54042624,41676800
1344,1500,0.0297344,54042624,41676800
1345,1500,0.0285184,54042624,41676800
1346,1500,0.0310592,54042624,41676800
1347,1500,0.0278282,54042624,41676800
1348,1500,0.0292485,54042624,41676800
1349,1500,0.02853,54042624,41676800
1350,1500,0.0276369,54042624,41676800
1351,1500,0.0293709,54042624,41676800
1352,1500,0.0309796,54042624,41676800
1353,1500,0.027583,54042624,41676800
1354,1500,0.0285637,54042624,41676800
1355,1500,0.0272227,54042624,41676800
1356,1500,0.0272896,54042624,41676800
1357,1500,0.0265485,54042624,41676800
1358,1500,0.028726,54042624,41676800
1359,1500,0.0291362,54042624,41676800
1360,1500,0.0296634,54042624,41676800
1361,1500,0.031542,54042624,41676800
1362,1500,0.0310931,54042624,41676800
1363,1500,0.028481,54042624,41676800
1364,1500,0.0292241,54042624,41676800
1365,1500,0.0284243,54042624,41676800
1366,1500,0.0282473,54042624,41676800
1367,1500,0.0274251,54042624,41676800
1368,1500,0.0275786,54042624,41676800
1369,1500,0.0285168,54042624,41676800
1370,1500,0.028715,54042624,41676800
1371,1500,0.0293561,54042624,41676800
1372,1500,0.0314548,54042624,41676800
1373,1500,0.0285721,54042624,41676800
1374,1500,0.0283734,54042624,41676800
1375,1500,0.0299326,54042624,41676800
1376,1500,0.0284166,54042624,41676800
1377,1500,0.0292115,54042624,41676800
1378,1500,0.0295441,54042624,41676800
1379,1500,0.0277337,54042624,41676800
1380,1500,0.0283801,54042624,41676800
1381,1500,0.0268816,54042624,41676800
1382,1500,0.0277602,54042624,41676800
1383,1500,0.0277365,54042624,41676800
1384,1500,0.0274025,54042624,41676800
1385,1500,0.0291432,54042624,41676800
1386,1500,0.0280086,54042624,41676800
1387,1500,0.0283566,54042624,41676800
1388,1500,0.0295405,54042624,41676800
1389,1500,0.0278209,54042624,41676800
1390,1500,0.0307634,54042624,41676800
1391,1500,0.0300508,54042624,41676800
1392,1500,0.0264645,54042624,41676800
1393,1500,0.0267496,54042624,41676800
1394,1500,0.0294357,54042624,41676800
1395,1500,0.0283836,54042624,41676800
1396,1500,0.0271586,54042624,41676800
1397,1500,0.0288485,54042624,41676800
1398,1500,0.0276928,54042624,41676800
1399,1500,0.0313798,54042624,41676800
1400,1500,0.0306142,54042624,41676800
1401,1500,0.0274607,54042624,41676800
1402,1500,0.0283253,54042624,41676800
1403,1500,0.0280948,54042624,41676800
1404,1500,0.0289987,54042624,41676800
1405,1500,0.0278058,54042624,41676800
1406,1500,0.0287939,54042624,41676800
1407,1500,0.0294032,54042624,41676800
1408,1500,0.0281686,54042624,41676800
1409,1500,0.0289869,54042624,41676800
1410,1500,0.026961,54042624,41676800
1411,1500,0.0295936,54042624,41676800
1412,1500,0.029352,54042624,41676800
1413,1500,0.0284623,54042624,41676800
1414,1500,0.0287276,54042624,41676800
1415,1500,0.0272977,54042624,41676800
1416,1500,0.0279438,54042624,41676800
1417,1500,0.0268647,54042624,41676800
1418,1500,0.0300843,54042624,41676800
1419,1500,0.0310007,54042624,41676800
1420,1500,0.0269915,54042624,41676800
1421,1500,0.0281626,54042624,41676800
1422,1500,0.026991,54042624,41676800
1423,1500,0.026832,54042624,41676800
1424,1500,0.0285565,54042624,41676800
1425,1500,0.0275877,54042624,41676800
1426,1500,0.0291248,54042624,41676800
1427,1500,0.0293868,54042624,41676800
1428,1500,0.0272273,54042624,41676800
1429,1500,0.0272391,54042624,41676800
1430,1500,0.0278949,54042624,41676800
1431,1500,0.0273477,54042624,41676800
1432,1500,0.0280162,54042624,41676800
1433,1500,0.027441,54042624,41676800
1434,1500,0.0278437,54042624,41676800
1435,1500,0.0265685,54042624,41676800
1436,1500,0.0289103,54042624,41676800
1437,1500,0.0276253,54042624,41676800
1438,1500,0.0280862,54042624,41676800
1439,1500,0.0264784,54042624,41676800
1440,1500,0.0311126,54042624,41676800
1441,1500,0.026951,54042624,41676800
1442,1500,0.0281814,54042624,41676800
1443,1500,0.0272457,54042624,41676800
1444,1500,0.0281032,54042624,41676800
1445,1500,0.0292586,54042624,41676800
1446,1500,0.0299433,54042624,41676800
1447,1500,0.0279257,54042624,41676800
1448,1500,0.0290257,54042624,41676800
1449,1500,0.0271091,54042624,41676800
1450,1500,0.0270976,54042624,41676800
1451,1500,0.0294394,54042624,41676800
1452,1500,0.0281913,54042624,41676800
1453,1500,0.027246,54042624,41676800
1454,1500,0.027826,54042624,41676800
1455,1500,0.0277537,54042624,41676800
1456,1500,0.0283969,54042624,41676800
1457,1500,0.0284909,54042624,41676800
1458,1500,0.0278344,54042624,41676800
1459,1500,0.027802,54042624,41676800
1460,1500,0.0314814,54042624,41676800
1461,1500,0.0275124,54042624,41676800
1462,1500,0.0291919,54042624,41676800
1463,1500,0.0295653,54042624,41676800
1464,1500,0.0278473,54042624,41676800
1465,1500,0.0300334,54042624,41676800
1466,1500,0.0279748,54042624,41676800
1467,1500,0.0273532,54042624,41676800
1468,1500,0.0286232,54042624,41676800
1469,1500,0.0293511,54042624,41676800
1470,1500,0.0302992,54042624,41676800
1471,1500,0.0271666,54042624,41676800
1472,1500,0.0269179,54042624,41676800
1473,1500,0.028087,54042624,41676800
1474,1500,0.0288761,54042624,41676800
1475,1500,0.0272383,54042624,41676800
1476,1500,0.026923,54042624,41676800
1477,1500,0.0268757,54042624,41676800
1478,1500,0.0315878,54042624,41676800
1479,1500,0.0283751,54042624,41676800
1480,1500,0.0284701,54042624,41676800
1481,1500,0.0278501,54042624,41676800
1482,1500,0.028086,54042624,41676800
1483,1500,0.0289595,54042624,41676800
1484,1500,0.0275408,54042624,41676800
1485,1500,0.0275649,54042624,41676800
1486,1500,0.0284471,54042624,41676800
1487,1500,0.026351,54042624,41676800
1488,1500,0.0279548,54042624,41676800
1489,1500,0.0285693,54042624,41676800
1490,1500,0.0274696,54042624,41676800
1491,1500,0.0272608,54042624,41676800
1492,1500,0.0264718,54042624,41676800
1493,1500,0.0280903,54042624,41676800
1494,1500,0.0288985,54042624,41676800
1495,1500,0.0284279,54042624,41676800
1496,1500,0.027129,54042624,41676800
1497,1500,0.0277853,54042624,41676800
1498,1500,0.0274628,54042624,41676800
1499,1500,0.0277671,54042624,41676800
1500,1500,0.026649,54042624,41676800
1501,1500,0.0275181,54042624,41676800
1502,1500,0.0277774,54042624,41676800
1503,1500,0.0274207,54042624,41676800
1504,1500,0.0278858,54042624,41676800
1505,1500,0.0281866,54042624,41676800
1506,1500,0.0274983,54042624,41676800
1507,1500,0.0288549,54042624,41676800
1508,1500,0.0283954,54042624,41676800
1509,1500,0.0284617,54042624,41676800
1510,1500,0.0305226,54042624,41676800
1511,1500,0.0271037,54042624,41676800
1512,1500,0.0289757,54042624,41676800
1513,1500,0.0292159,54042624,41676800
1514,1500,0.0284643,54042624,41676800
1515,1500,0.027448,54042624,41676800
1516,1500,0.0278774,54042624,41676800
1517,1500,0.0276006,54042624,41676800
1518,1500,0.0272869,54042624,41676800
1519,1500,0.0273905,54042624,41676800
1520,1500,0.0288821,54042624,41676800
1521,1500,0.026731,54042624,41676800
1522,1500,0.027457,54042624,41676800
1523,1500,0.0281921,54042624,41676800
1524,1500,0.0278703,54042624,41676800
1525,1500,0.0278251,54042624,41676800
1526,1500,0.0297985,54042624,41676800
1527,1500,0.027098,54042624,41676800
1528,1500,0.0275356,54042624,41676800
1529,1500,0.0270691,54042624,41676800
1530,1500,0.027594,54042624,41676800
1531,1500,0.0288055,54042624,41676800
1532,1500,0.0273115,54042624,41676800
1533,1500,0.0271464,54042624,41676800
1534,1500,0.0298886,54042624,41676800
1535,1500,0.0273109,54042624,41676800
1536,1500,0.0266111,54042624,41676800
1537,1500,0.0278032,54042624,41676800
1538,1500,0.0294353,54042624,41676800
1539,1500,0.0278903,54042624,41676800
1540,1500,0.0294553,54042624,41676800
1541,1500,0.0291795,54042624,41676800
1542,1500,0.0276902,54042624,41676800
1543,1500,0.0300831,54042624,41676800
1544,1500,0.0280384,54042624,41676800
1545,1500,0.0265434,54042624,41676800
1546,1500,0.0272528,54042624,41676800
1547,1500,0.0268504,54042624,41676800
1548,1500,0.0270692,54042624,41676800
1549,1500,0.0285387,54042624,41676800
1550,1500,0.0289262,54042624,41676800
1551,1500,0.0303731,54042624,41676800
1552,1500,0.027512,54042624,41676800
1553,1500,0.0282791,54042624,41676800
1554,1500,0.0279575,54042624,41676800
1555,1500,0.0277962,54042624,41676800
1556,1500,0.0300881,54042624,41676800
1557,1500,0.0280345,54042624,41676800
1558,1500,0.0275624,54042624,41676800
1559,1500,0.028638,54042624,41676800
1560,1500,0.0295487,54042624,41676800
1561,1500,0.0280191,54042624,41676800
1562,1500,0.028659,54042624,41676800
1563,1500,0.029998,54042624,41676800
1564,1500,0.0275319,54042624,41676800
1565,1500,0.0284664,54042624,41676800
1566,1500,0.0273735,54042624,41676800
1567,1500,0.027607,54042624,41676800
1568,1500,0.0289582,54042624,41676800
1569,1500,0.0293043,54042624,41676800
1570,1500,0.0276012,54042624,41676800
1571,1500,0.0275746,54042624,41676800
1572,1500,0.0266837,54042624,41676800
1573,1500,0.0274843,54042624,41676800
1574,1500,0.0273495,54042624,41676800
1575,1500,0.0272581,54042624,41676800
1576,1500,0.0280587,54042624,41676800
1577,1500,0.0315526,54042624,41676800
1578,1500,0.0273607,54042624,41676800
1579,1500,0.0272786,54042624,41676800
1580,1500,0.0287646,54042624,41676800
1581,1500,0.0272237,54042624,41676800
1582,1500,0.0273887,54042624,41676800
1583,1500,0.0282011,54042624,41676800
1584,1500,0.0282937,54042624,41676800
1585,1500,0.0295897,54042624,41676800
1586,1500,0.0272502,54042624,41676800
1587,1500,0.026916,54042624,41676800
1588,1500,0.0269197,54042624,41676800
1589,1500,0.0270072,54042624,41676800
1590,1500,0.0281644,54042624,41676800
1591,1500,0.0269792,54042624,41676800
1592,1500,0.0278474,54042624,41676800
1593,1500,0.0269561,54042624,41676800
1594,1500,0.0273109,54042624,41676800
1595,1500,0.0276439,54042624,41676800
1596,1500,0.0275313,54042624,41676800
1597,1500,0.0286226,54042624,41676800
1598,1500,0.0271311,54042624,41676800
1599,1500,0.0288532,54042624,41676800
1600,1500,0.0303676,54042624,41676800
1601,1500,0.0278062,54042624,41676800
1602,1500,0.0282504,54042624,41676800
1603,1500,0.0270626,54042624,41676800
1604,1500,0.0274371,54042624,41676800
1605,1500,0.0272768,54042624,41676800
1606,1500,0.0274446,54042624,41676800
1607,1500,0.0281564,54042624,41676800
1608,1500,0.0289844,54042624,41676800
1609,1500,0.0266777,54042624,41676800
1610,1500,0.0276086,54042624,41676800
1611,1500,0.0271561,54042624,41676800
1612,1500,0.0272324,54042624,41676800
1613,1500,0.0282667,54042624,41676800
1614,1500,0.0278442,54042624,41676800
1615,1500,0.0290707,54042624,41676800
1616,1500,0.0311899,54042624,41676800
1617,1500,0.0265742,54042624,41676800
1618,1500,0.0291442,54042624,41676800
1619,1500,0.0281184,54042624,41676800
1620,1500,0.0284855,54042624,41676800
1621,1500,0.027118,54042624,41676800
1622,1500,0.0319121,54042624,41676800
1623,1500,0.0286225,54042624,41676800
1624,1500,0.0278848,54042624,41676800
1625,1500,0.0290025,54042624,41676800
1626,1500,0.0296534,54042624,41676800
1627,1500,0.0320206,54042624,41676800
1628,1500,0.0266861,54042624,41676800
1629,1500,0.0266097,54042624,41676800
1630,1500,0.0282636,54042624,41676800
1631,1500,0.0277284,54042624,41676800
1632,1500,0.0276815,54042624,41676800
1633,1500,0.0264494,54042624,41676800
1634,1500,0.028956,54042624,41676800
1635,1500,0.0277638,54042624,41676800
1636,1500,0.0276972,54042624,41676800
1637,1500,0.0268201,54042624,41676800
1638,1500,0.0275755,54042624,41676800
1639,1500,0.0265845,54042624,41676800
1640,1500,0.0278905,54042624,41676800
1641,1500,0.0290256,54042624,41676800
1642,1500,0.0300144,54042624,41676800
1643,1500,0.0276177,54042624,41676800
1644,1500,0.0266447,54042624,41676800
1645,1500,0.0268613,54042624,41676800
1646,1500,0.0273644,54042624,41676800
1647,1500,0.0271618,54042624,41676800
1648,1500,0.0275095,54042624,41676800
1649,1500,0.0282606,54042624,41676800
1650,1500,0.0274596,54042624,41676800
1651,1500,0.0272675,54042624,41676800
1652,1500,0.0278454,54042624,41676800
1653,1500,0.027243,54042624,41676800
1654,1500,0.0303059,54042624,41676800
1655,1500,0.0283169,54042624,41676800
1656,1500,0.0274858,54042624,41676800
1657,1500,0.0280274,54042624,41676800
1658,1500,0.0278096,54042624,41676800
1659,1500,0.0280893,54042624,41676800
1660,1500,0.0274687,54042624,41676800
1661,1500,0.0272899,54042624,41676800
1662,1500,0.0271588,54042624,41676800
1663,1500,0.0265531,54042624,41676800
1664,1500,0.0272925,54042624,41676800
1665,1500,0.0279315,54042624,41676800
1666,1500,0.0285816,54042624,41676800
1667,1500,0.026836,54042624,41676800
1668,1500,0.029073,54042624,41676800
1669,1500,0.0270511,54042624,41676800
1670,1500,0.0289765,54042624,41676800
1671,1500,0.0281084,54042624,41676800
1672,1500,0.0287775,54042624,41676800
1673,1500,0.029518,54042624,41676800
1674,1500,0.0283892,54042624,41676800
1675,1500,0.0280313,54042624,41676800
1676,1500,0.0277417,54042624,41676800
1677,1500,0.0277286,54042624,41676800
1678,1500,0.0270799,54042624,41676800
1679,1500,0.0279889,54042624,41676800
1680,1500,0.0273874,54042624,41676800
1681,1500,0.0295543,54042624,41676800
1682,1500,0.0310119,54042624,41676800
1683,1500,0.0279985,54042624,41676800
1684,1500,0.0277082,54042624,41676800
1685,1500,0.0286954,54042624,41676800
1686,1500,0.0280253,54042624,41676800
1687,1500,0.0278947,54042624,41676800
1688,1500,0.0294995,54042624,41676800
1689,1500,0.0280331,54042624,41676800
1690,1500,0.0291172,54042624,41676800
1691,1500,0.0288529,54042624,41676800
1692,1500,0.0271267,54042624,41676800
1693,1500,0.0297775,54042624,41676800
1694,1500,0.0289546,54042624,41676800
1695,1500,0.027606,54042624,41676800
1696,1500,0.0273998,54042624,41676800
1697,1500,0.0266783,54042624,41676800
1698,1500,0.0281762,54042624,41676800
1699,1500,0.0296859,54042624,41676800
1700,1500,0.0267329,54042624,41676800
1701,1500,0.0286779,54042624,41676800
1702,1500,0.0281636,54042624,41676800
1703,1500,0.0270143,54042624,41676800
1704,1500,0.0295508,54042624,41676800
1705,1500,0.0284439,54042624,41676800
1706,1500,0.0266842,54042624,41676800
1707,1500,0.0286806,54042624,41676800
1708,1500,0.0291901,54042624,41676800
1709,1500,0.0274107,54042624,41676800
1710,1500,0.0291568,54042624,41676800
1711,1500,0.0278513,54042624,41676800
1712,1500,0.0281144,54042624,41676800
1713,1500,0.0297355,54042624,41676800
1714,1500,0.028198,54042624,41676800
1715,1500,0.0283487,54042624,41676800
1716,1500,0.0284679,54042624,41676800
1717,1500,0.0312434,54042624,41676800
1718,1500,0.0261176,54042624,41676800
1719,1500,0.026495,54042624,41676800
1720,1500,0.0291214,54042624,41676800
1721,1500,0.0283306,54042624,41676800
1722,1500,0.0274586,54042624,41676800
1723,1500,0.0283166,54042624,41676800
1724,1500,0.0281642,54042624,41676800
1725,1500,0.0291826,54042624,41676800
1726,1500,0.0294375,54042624,41676800
1727,1500,0.0270851,54042624,41676800
1728,1500,0.0278516,54042624,41676800
1729,1500,0.0270594,54042624,41676800
1730,1500,0.0274083,54042624,41676800
1731,1500,0.0291353,54042624,41676800
1732,1500,0.0275565,54042624,41676800
1733,1500,0.028636,54042624,41676800
1734,1500,0.0299032,54042624,41676800
1735,1500,0.0284162,54042624,41676800
1736,1500,0.0299783,54042624,41676800
1737,1500,0.029591,54042624,41676800
1738,1500,0.0277693,54042624,41676800
1739,1500,0.0277927,54042624,41676800
1740,1500,0.0299676,54042624,41676800
1741,1500,0.0275125,54042624,41676800
1742,1500,0.0276578,54042624,41676800
1743,1500,0.0280863,54042624,41676800
1744,1500,0.0301653,54042624,41676800
1745,1500,0.0279208,54042624,41676800
1746,1500,0.0281459,54042624,41676800
1747,1500,0.0280209,54042624,41676800
1748,1500,0.0289518,54042624,41676800
1749,1500,0.0271494,54042624,41676800
1750,1500,0.03022,54042624,41676800
1751,1500,0.027911,54042624,41676800
1752,1500,0.0289421,54042624,41676800
1753,1500,0.0286335,54042624,41676800
1754,1500,0.027727,54042624,41676800
1755,1500,0.0280551,54042624,41676800
1756,1500,0.0278517,54042624,41676800
1757,1500,0.0303891,54042624,41676800
1758,1500,0.0302935,54042624,41676800
1759,1500,0.0289193,54042624,41676800
1760,1500,0.0272179,54042624,41676800
1761,1500,0.0298063,54042624,41676800
1762,1500,0.0286415,54042624,41676800
1763,1500,0.0294895,54042624,41676800
1764,1500,0.0305193,54042624,41676800
1765,1500,0.0284574,54042624,41676800
1766,1500,0.0288279,54042624,41676800
1767,1500,0.0276608,54042624,41676800
1768,1500,0.0278921,54042624,41676800
1769,1500,0.0289173,54042624,41676800
1770,1500,0.0273733,54042624,41676800
1771,1500,0.0293027,54042624,41676800
1772,1500,0.02787,54042624,41676800
1773,1500,0.0286188,54042624,41676800
1774,1500,0.0269139,54042624,41676800
1775,1500,0.0289921,54042624,41676800
1776,1500,0.0284459,54042624,41676800
1777,1500,0.0280685,54042624,41676800
1778,1500,0.0280629,54042624,41676800
1779,1500,0.0280773,54042624,41676800
1780,1500,0.0268638,54042624,41676800
1781,1500,0.0289211,54042624,41676800
1782,1500,0.0280832,54042624,41676800
1783,1500,0.0292793,54042624,41676800
1784,1500,0.0282413,54042624,41676800
1785,1500,0.0283172,54042624,41676800
1786,1500,0.0294874,54042624,41676800
1787,1500,0.0284096,54042624,41676800
1788,1500,0.028316,54042624,41676800
1789,1500,0.0286176,54042624,41676800
1790,1500,0.0274464,54042624,41676800
1791,1500,0.0274303,54042624,41676800
1792,1500,0.027497,54042624,41676800
1793,1500,0.0283094,54042624,41676800
1794,1500,0.0278508,54042624,41676800
1795,1500,0.027942,54042624,41676800
1796,1500,0.0279418,54042624,41676800
1797,1500,0.0276279,54042624,41676800
1798,1500,0.0289495,54042624,41676800
1799,1500,0.0308699,54042624,41676800
1800,1500,0.0278821,54042624,41676800
1801,1500,0.0280865,54042624,41676800
1802,1500,0.0276448,54042624,41676800
1803,1500,0.0275433,54042624,41676800
1804,1500,0.0282658,54042624,41676800
1805,1500,0.0280341,54042624,41676800
1806,1500,0.0276748,54042624,41676800
1807,1500,0.0298333,54042624,41676800
1808,1500,0.0304905,54042624,41676800
1809,1500,0.027419,54042624,41676800
1810,1500,0.0290213,54042624,41676800
1811,1500,0.0272513,54042624,41676800
1812,1500,0.0292352,54042624,41676800
1813,1500,0.0304877,54042624,41676800
1814,1500,0.0292594,54042624,41676800
1815,1500,0.0279208,54042624,41676800
1816,1500,0.0295862,54042624,41676800
1817,1500,0.0305778,54042624,41676800
1818,1500,0.0281907,54042624,41676800
1819,1500,0.029913,54042624,41676800
1820,1500,0.0277242,54042624,41676800
1821,1500,0.0270917,54042624,41676800
1822,1500,0.0279845,54042624,41676800
1823,1500,0.0291235,54042624,41676800
1824,1500,0.0286315,54042624,41676800
1825,1500,0.0300801,54042624,41676800
1826,1500,0.0279104,54042624,41676800
1827,1500,0.0279188,54042624,41676800
1828,1500,0.0300636,54042624,41676800
1829,1500,0.0277834,54042624,41676800
1830,1500,0.0298821,54042624,41676800
1831,1500,0.0289157,54042624,41676800
1832,1500,0.0271834,54042624,41676800
1833,1500,0.0287998,54042624,41676800
1834,1500,0.027756,54042624,41676800
1835,1500,0.0269905,54042624,41676800
1836,1500,0.026362,54042624,41676800
1837,1500,0.0315586,54042624,41676800
1838,1500,0.0275663,54042624,41676800
1839,1500,0.0276615,54042624,41676800
1840,1500,0.0288876,54042624,41676800
1841,1500,0.0277885,54042624,41676800
1842,1500,0.0272957,54042624,41676800
1843,1500,0.0285307,54042624,41676800
1844,1500,0.0273193,54042624,41676800
1845,1500,0.0286728,54042624,41676800
1846,1500,0.0278112,54042624,41676800
1847,1500,0.0268202,54042624,41676800
1848,1500,0.0285723,54042624,41676800
1849,1500,0.0278178,54042624,41676800
1850,1500,0.0276191,54042624,41676800
1851,1500,0.0285591,54042624,41676800
1852,1500,0.0293104,54042624,41676800
1853,1500,0.0276081,54042624,41676800
1854,1500,0.0278822,54042624,41676800
1855,1500,0.0280337,54042624,41676800
1856,1500,0.027672,54042624,41676800
1857,1500,0.0275913,54042624,41676800
1858,1500,0.0280277,54042624,41676800
1859,1500,0.0266527,54042624,41676800
1860,1500,0.0273027,54042624,41676800
1861,1500,0.0268526,54042624,41676800
1862,1500,0.0281055,54042624,41676800
1863,1500,0.030552,54042624,41676800
1864,1500,0.0285703,54042624,41676800
1865,1500,0.0281342,54042624,41676800
1866,1500,0.0281808,54042624,41676800
1867,1500,0.0271596,54042624,41676800
1868,1500,0.0287943,54042624,41676800
1869,1500,0.0279933,54042624,41676800
1870,1500,0.0312833,54042624,41676800
1871,1500,0.0282777,54042624,41676800
1872,1500,0.0276372,54042624,41676800
1873,1500,0.027618,54042624,41676800
1874,1500,0.0266066,54042624,41676800
1875,1500,0.026713,54042624,41676800
1876,1500,0.0279042,54042624,41676800
1877,1500,0.0291211,54042624,41676800
1878,1500,0.02889,54042624,41676800
1879,1500,0.0318421,54042624,41676800
1880,1500,0.0283617,54042624,41676800
1881,1500,0.0280367,54042624,41676800
1882,1500,0.0296305,54042624,41676800
1883,1500,0.0277557,54042624,41676800
1884,1500,0.026856,54042624,41676800
1885,1500,0.029068,54042624,41676800
1886,1500,0.0287349,54042624,41676800
1887,1500,0.0289626,54042624,41676800
1888,1500,0.0291826,54042624,41676800
1889,1500,0.0311312,54042624,41676800
1890,1500,0.0274543,54042624,41676800
1891,1500,0.0271526,54042624,41676800
1892,1500,0.0273822,54042624,41676800
1893,1500,0.0277179,54042624,41676800
1894,1500,0.0295647,54042624,41676800
1895,1500,0.0284111,54042624,41676800
1896,1500,0.027769,54042624,41676800
1897,1500,0.0284327,54042624,41676800
1898,1500,0.0317267,54042624,41676800
1899,1500,0.0277134,54042624,41676800
1900,1500,0.0280648,54042624,41676800
1901,1500,0.0287094,54042624,41676800
1902,1500,0.0298149,54042624,41676800
1903,1500,0.0278923,54042624,41676800
1904,1500,0.0276633,54042624,41676800
1905,1500,0.0275012,54042624,41676800
1906,1500,0.028478,54042624,41676800
1907,1500,0.0290135,54042624,41676800
1908,1500,0.0274786,54042624,41676800
1909,1500,0.0281011,54042624,41676800
1910,1500,0.028213,54042624,41676800
1911,1500,0.0303359,54042624,41676800
1912,1500,0.0275591,54042624,41676800
1913,1500,0.0275717,54042624,41676800
1914,1500,0.0275734,54042624,41676800
1915,1500,0.0284447,54042624,41676800
1916,1500,0.0298599,54042624,41676800
1917,1500,0.0269153,54042624,41676800
1918,1500,0.0273917,54042624,41676800
1919,1500,0.0295113,54042624,41676800
1920,1500,0.0277492,54042624,41676800
1921,1500,0.0276167,54042624,41676800
1922,1500,0.0268721,54042624,41676800
1923,1500,0.0294743,54042624,41676800
1924,1500,0.0298303,54042624,41676800
1925,1500,0.0276248,54042624,41676800
1926,1500,0.0282748,54042624,41676800
1927,1500,0.0287895,54042624,41676800
1928,1500,0.0274841,54042624,41676800
1929,1500,0.0288473,54042624,41676800
1930,1500,0.0277999,54042624,41676800
1931,1500,0.0286424,54042624,41676800
1932,1500,0.0292199,54042624,41676800
1933,1500,0.0290245,54042624,41676800
1934,1500,0.0314502,54042624,41676800
1935,1500,0.0271766,54042624,41676800
1936,1500,0.0285628,54042624,41676800
1937,1500,0.0287547,54042624,41676800
1938,1500,0.0284396,54042624,41676800
1939,1500,0.0273712,54042624,41676800
1940,1500,0.0271515,54042624,41676800
1941,1500,0.0272593,54042624,41676800
1942,1500,0.0298223,54042624,41676800
1943,1500,0.0306491,54042624,41676800
1944,1500,0.0274445,54042624,41676800
1945,1500,0.0269587,54042624,41676800
1946,1500,0.0273799,54042624,41676800
1947,1500,0.0277244,54042624,41676800
1948,1500,0.0265437,54042624,41676800
1949,1500,0.0270398,54042624,41676800
1950,1500,0.0294883,54042624,41676800
1951,1500,0.0278804,54042624,41676800
1952,1500,0.0271148,54042624,41676800
1953,1500,0.0274235,54042624,41676800
1954,1500,0.0279649,54042624,41676800
1955,1500,0.0266877,54042624,41676800
1956,1500,0.0278175,54042624,41676800
1957,1500,0.029176,54042624,41676800
1958,1500,0.0293063,54042624,41676800
1959,1500,0.0269294,54042624,41676800
1960,1500,0.0292886,54042624,41676800
1961,1500,0.0277284,54042624,41676800
1962,1500,0.0272875,54042624,41676800
1963,1500,0.0294217,54042624,41676800
1964,1500,0.0267922,54042624,41676800
1965,1500,0.0274296,54042624,41676800
1966,1500,0.0303125,54042624,41676800
1967,1500,0.0265203,54042624,41676800
1968,1500,0.0277178,54042624,41676800
1969,1500,0.0277065,54042624,41676800
1970,1500,0.0287732,54042624,41676800
1971,1500,0.0274276,54042624,41676800
1972,1500,0.0282673,54042624,41676800
1973,1500,0.0279512,54042624,41676800
1974,1500,0.0289366,54042624,41676800
1975,1500,0.0292112,54042624,41676800
1976,1500,0.0279139,54042624,41676800
1977,1500,0.0270005,54042624,41676800
1978,1500,0.0281536,54042624,41676800
1979,1500,0.0279962,54042624,41676800
1980,1500,0.0280779,54042624,41676800
1981,1500,0.028829,54042624,41676800
1982,1500,0.0268072,54042624,41676800
1983,1500,0.029431,54042624,41676800
1984,1500,0.0306189,54042624,41676800
1985,1500,0.0279124,54042624,41676800
1986,1500,0.0272496,54042624,41676800
1987,1500,0.0285222,54042624,41676800
1988,1500,0.0276423,54042624,41676800
1989,1500,0.028122,54042624,41676800
1990,1500,0.0274613,54042624,41676800
1991,1500,0.0293526,54042624,41676800
1992,1500,0.0296196,54042624,41676800
1993,1500,0.0301239,54042624,41676800
1994,1500,0.0270112,54042624,41676800
1995,1500,0.0286325,54042624,41676800
1996,1500,0.0277784,54042624,41676800
1997,1500,0.0271305,54042624,41676800
1998,1500,0.0286924,54042624,41676800
1999,1500,0.0284636,54042624,41676800
2000,1500,0.0275533,54042624,41676800
2001,1500,0.0272167,54042624,41676800
2002,1500,0.0271118,54042624,41676800
2003,1500,0.0269038,54042624,41676800
2004,1500,0.027322,54042624,41676800
2005,1500,0.0279502,54042624,41676800
2006,1500,0.0271229,54042624,41676800
2007,1500,0.0272795,54042624,41676800
2008,1500,0.0258211,54042624,41676800
2009,1500,0.0271311,54042624,41676800
2010,1500,0.0276796,54042624,41676800
2011,1500,0.0286079,54042624,41676800
2012,1500,0.027348,54042624,41676800
2013,1500,0.0281973,54042624,41676800
2014,1500,0.0279602,54042624,41676800
2015,1500,0.0286701,54042624,41676800
2016,1500,0.0279271,54042624,41676800
2017,1500,0.0288532,54042624,41676800
2018,1500,0.028579,54042624,41676800
2019,1500,0.0292359,54042624,41676800
2020,1500,0.0284924,54042624,41676800
2021,1500,0.0294984,54042624,41676800
2022,1500,0.0275263,54042624,41676800
2023,1500,0.0276802,54042624,41676800
2024,1500,0.0284706,54042624,41676800
2025,1500,0.0313023,54042624,41676800
2026,1500,0.0273117,54042624,41676800
2027,1500,0.0278836,54042624,41676800
2028,1500,0.0279359,54042624,41676800
2029,1500,0.0283825,54042624,41676800
2030,1500,0.0276629,54042624,41676800
2031,1500,0.0271143,54042624,41676800
2032,1500,0.0288444,54042624,41676800
2033,1500,0.0293037,54042624,41676800
2034,1500,0.0308451,54042624,41676800
2035,1500,0.028492,54042624,41676800
2036,1500,0.0279809,54042624,41676800
2037,1500,0.0278295,54042624,41676800
2038,1500,0.0287252,54042624,41676800
2039,1500,0.0277112,54042624,41676800
2040,1500,0.0294702,54042624,41676800
2041,1500,0.0284632,54042624,41676800
2042,1500,0.0275346,54042624,41676800
2043,1500,0.0299256,54042624,41676800
2044,1500,0.0318486,54042624,41676800
2045,1500,0.0308096,54042624,41676800
2046,1500,0.0268166,54042624,41676800
2047,1500,0.027478,54042624,41676800
2048,1500,0.0280545,54042624,41676800
2049,1500,0.0270035,54042624,41676800
2050,1500,0.0284622,54042624,41676800
2051,1500,0.0295093,54042624,41676800
2052,1500,0.0272107,54042624,41676800
2053,1500,0.0298065,54042624,41676800
2054,1500,0.0278724,54042624,41676800
2055,1500,0.0272087,54042624,41676800
2056,1500,0.0282373,54042624,41676800
2057,1500,0.0269036,54042624,41676800
2058,1500,0.0278055,54042624,41676800
2059,1500,0.0274621,54042624,41676800
2060,1500,0.0284305,54042624,41676800
2061,1500,0.0299302,54042624,41676800
2062,1500,0.0282738,54042624,41676800
2063,1500,0.0278711,54042624,41676800
2064,1500,0.0276451,54042624,41676800
2065,1500,0.0288157,54042624,41676800
2066,1500,0.0286469,54042624,41676800
2067,1500,0.0275074,54042624,41676800
2068,1500,0.0280837,54042624,41676800
2069,1500,0.0265405,54042624,41676800
2070,1500,0.0278684,54042624,41676800
2071,1500,0.0265239,54042624,41676800
2072,1500,0.028073,54042624,41676800
2073,1500,0.0269059,54042624,41676800
2074,1500,0.0312667,54042624,41676800
2075,1500,0.028656,54042624,41676800
2076,1500,0.0268878,54042624,41676800
2077,1500,0.0276646,54042624,41676800
2078,1500,0.0275484,54042624,41676800
2079,1500,0.0275752,54042624,41676800
2080,1500,0.0293354,54042624,41676800
2081,1500,0.0272831,54042624,41676800
2082,1500,0.029749,54042624,41676800
2083,1500,0.029767,54042624,41676800
2084,1500,0.0286606,54042624,41676800
2085,1500,0.0267737,54042624,41676800
2086,1500,0.0286712,54042624,41676800
2087,1500,0.0279288,54042624,41676800
2088,1500,0.0282119,54042624,41676800
2089,1500,0.0295809,54042624,41676800
2090,1500,0.0280239,54042624,41676800
2091,1500,0.0281471,54042624,41676800
2092,1500,0.0288599,54042624,41676800
2093,1500,0.0277797,54042624,41676800
2094,1500,0.0280458,54042624,41676800
2095,1500,0.0300984,54042624,41676800
2096,1500,0.0306406,54042624,41676800
2097,1500,0.0280817,54042624,41676800
2098,1500,0.0284004,54042624,41676800
2099,1500,0.0273132,54042624,41676800
2100,1500,0.0280992,54042624,41676800
2101,1500,0.0276863,54042624,41676800
2102,1500,0.0284793,54042624,41676800
2103,1500,0.0289255,54042624,41676800
2104,1500,0.028703,54042624,41676800
2105,1500,0.0289709,54042624,41676800
2106,1500,0.0286835,54042624,41676800
2107,1500,0.0291241,54042624,41676800
2108,1500,0.0267468,54042624,41676800
2109,1500,0.0279924,54042624,41676800
2110,1500,0.0279132,54042624,41676800
2111,1500,0.0271393,54042624,41676800
2112,1500,0.0278507,54042624,41676800
2113,1500,0.0297379,54042624,41676800
2114,1500,0.0272422,54042624,41676800
2115,1500,0.0282979,54042624,41676800
2116,1500,0.0304221,54042624,41676800
2117,1500,0.0285755,54042624,41676800
2118,1500,0.0290973,54042624,41676800
2119,1500,0.0289075,54042624,41676800
2120,1500,0.0286459,54042624,41676800
2121,1500,0.0276762,54042624,41676800
2122,1500,0.0283641,54042624,41676800
2123,1500,0.0292497,54042624,41676800
2124,1500,0.027711,54042624,41676800
2125,1500,0.0278512,54042624,41676800
2126,1500,0.0282686,54042624,41676800
2127,1500,0.0266367,54042624,41676800
2128,1500,0.027244,54042624,41676800
2129,1500,0.0277879,54042624,41676800
2130,1500,0.0276577,54042624,41676800
2131,1500,0.0305531,54042624,41676800
2132,1500,0.0309868,54042624,41676800
2133,1500,0.026783,54042624,41676800
2134,1500,0.0296721,54042624,41676800
2135,1500,0.0268822,54042624,41676800
2136,1500,0.0282668,54042624,41676800
2137,1500,0.0283363,54042624,41676800
2138,1500,0.0270515,54042624,41676800
2139,1500,0.0293677,54042624,41676800
2140,1500,0.0276008,54042624,41676800
2141,1500,0.028032,54042624,41676800
2142,1500,0.0279008,54042624,41676800
2143,1500,0.0286907,54042624,41676800
2144,1500,0.0267096,54042624,41676800
2145,1500,0.0279334,54042624,41676800
2146,1500,0.0268647,54042624,41676800
2147,1500,0.0276525,54042624,41676800
2148,1500,0.0300296,54042624,41676800
2149,1500,0.0310596,54042624,41676800
2150,1500,0.0279882,54042624,41676800
2151,1500,0.0273131,54042624,41676800
2152,1500,0.028237,54042624,41676800
2153,1500,0.0275543,54042624,41676800
2154,1500,0.0298026,54042624,41676800
2155,1500,0.026681,54042624,41676800
2156,1500,0.0276802,54042624,41676800
2157,1500,0.0286398,54042624,41676800
2158,1500,0.0313772,54042624,41676800
2159,1500,0.0285964,54042624,41676800
2160,1500,0.0285392,54042624,41676800
2161,1500,0.0289367,54042624,41676800
2162,1500,0.0268103,54042624,41676800
2163,1500,0.0273458,54042624,41676800
2164,1500,0.0279592,54042624,41676800
2165,1500,0.0271958,54042624,41676800
2166,1500,0.0290498,54042624,41676800
2167,1500,0.0308906,54042624,41676800
2168,1500,0.0285909,54042624,41676800
2169,1500,0.0300518,54042624,41676800
2170,1500,0.0292145,54042624,41676800
2171,1500,0.0271846,54042624,41676800
2172,1500,0.0273896,54042624,41676800
2173,1500,0.0280613,54042624,41676800
2174,1500,0.0277324,54042624,41676800
2175,1500,0.0272998,54042624,41676800
2176,1500,0.0265481,54042624,41676800
2177,1500,0.0276695,54042624,41676800
2178,1500,0.0290995,54042624,41676800
2179,1500,0.0283883,54042624,41676800
2180,1500,0.0278696,54042624,41676800
2181,1500,0.0288636,54042624,41676800
2182,1500,0.028215,54042624,41676800
2183,1500,0.0293345,54042624,41676800
2184,1500,0.0283032,54042624,41676800
2185,1500,0.0323781,54042624,41676800
2186,1500,0.030209,54042624,41676800
2187,1500,0.0285541,54042624,41676800
2188,1500,0.0285866,54042624,41676800
2189,1500,0.0279379,54042624,41676800
2190,1500,0.0277289,54042624,41676800
2191,1500,0.0275737,54042624,41676800
2192,1500,0.027567,54042624,41676800
2193,1500,0.0284381,54042624,41676800
2194,1500,0.0284074,54042624,41676800
2195,1500,0.0275884,54042624,41676800
2196,1500,0.0273698,54042624,41676800
2197,1500,0.0277154,54042624,41676800
2198,1500,0.0271429,54042624,41676800
2199,1500,0.0279458,54042624,41676800
2200,1500,0.0276839,54042624,41676800
2201,1500,0.0276894,54042624,41676800
2202,1500,0.0304923,54042624,41676800
2203,1500,0.0305169,54042624,41676800
2204,1500,0.0271004,54042624,41676800
2205,1500,0.0271958,54042624,41676800
2206,1500,0.0272472,54042624,41676800
2207,1500,0.027864,54042624,41676800
2208,1500,0.0284222,54042624,41676800
2209,1500,0.0274782,54042624,41676800
2210,1500,0.0278429,54042624,41676800
2211,1500,0.0309067,54042624,41676800
2212,1500,0.0279142,54042624,41676800
2213,1500,0.0272683,54042624,41676800
2214,1500,0.0290909,54042624,41676800
2215,1500,0.0277741,54042624,41676800
2216,1500,0.0274894,54042624,41676800
2217,1500,0.028257,54042624,41676800
2218,1500,0.0275601,54042624,41676800
2219,1500,0.0299194,54042624,41676800
2220,1500,0.0299457,54042624,41676800
2221,1500,0.0315985,54042624,41676800
2222,1500,0.0324846,54042624,41676800
2223,1500,0.0272021,54042624,41676800
2224,1500,0.0287424,54042624,41676800
2225,1500,0.0295349,54042624,41676800
2226,1500,0.0272969,54042624,41676800
2227,1500,0.0269562,54042624,41676800
2228,1500,0.0269135,54042624,41676800
2229,1500,0.0287095,54042624,41676800
2230,1500,0.0287194,54042624,41676800
2231,1500,0.031736,54042624,41676800
2232,1500,0.0275134,54042624,41676800
2233,1500,0.027243,54042624,41676800
2234,1500,0.027601,54042624,41676800
2235,1500,0.0284881,54042624,41676800
2236,1500,0.0275792,54042624,41676800
2237,1500,0.0297863,54042624,41676800
2238,1500,0.02774,54042624,41676800
2239,1500,0.0288574,54042624,41676800
2240,1500,0.0278789,54042624,41676800
2241,1500,0.0276751,54042624,41676800
2242,1500,0.0279528,54042624,41676800
2243,1500,0.0269704,54042624,41676800
2244,1500,0.0273973,54042624,41676800
2245,1500,0.0272883,54042624,41676800
2246,1500,0.029237,54042624,41676800
2247,1500,0.0291188,54042624,41676800
2248,1500,0.0292646,54042624,41676800
2249,1500,0.0267318,54042624,41676800
2250,1500,0.0273752,54042624,41676800
2251,1500,0.0271124,54042624,41676800
2252,1500,0.0283912,54042624,41676800
2253,1500,0.0292122,54042624,41676800
2254,1500,0.0286517,54042624,41676800
2255,1500,0.0294377,54042624,41676800
2256,1500,0.0279306,54042624,41676800
2257,1500,0.0278489,54042624,41676800
2258,1500,0.0274954,54042624,41676800
2259,1500,0.0283095,54042624,41676800
2260,1500,0.0281905,54042624,41676800
2261,1500,0.0272275,54042624,41676800
2262,1500,0.0266803,54042624,41676800
2263,1500,0.0270908,54042624,41676800
2264,1500,0.0296669,54042624,41676800
2265,1500,0.0270489,54042624,41676800
2266,1500,0.0273497,54042624,41676800
2267,1500,0.0280052,54042624,41676800
2268,1500,0.0277268,54042624,41676800
2269,1500,0.0277782,54042624,41676800
2270,1500,0.0283506,54042624,41676800
2271,1500,0.0275927,54042624,41676800
2272,1500,0.0289046,54042624,41676800
2273,1500,0.031251,54042624,41676800
2274,1500,0.0274741,54042624,41676800
2275,1500,0.028936,54042624,41676800
2276,1500,0.028525,54042624,41676800
2277,1500,0.0268574,54042624,41676800
2278,1500,0.0281308,54042624,41676800
2279,1500,0.0279493,54042624,41676800
2280,1500,0.0272123,54042624,41676800
2281,1500,0.0289802,54042624,41676800
2282,1500,0.0279264,54042624,41676800
2283,1500,0.0278654,54042624,41676800
2284,1500,0.0278076,54042624,41676800
2285,1500,0.0286408,54042624,41676800
2286,1500,0.0291863,54042624,41676800
2287,1500,0.0300642,54042624,41676800
2288,1500,0.0286782,54042624,41676800
2289,1500,0.0291691,54042624,41676800
2290,1500,0.0287579,54042624,41676800
2291,1500,0.0262256,54042624,41676800
2292,1500,0.0270503,54042624,41676800
2293,1500,0.0276535,54042624,41676800
2294,1500,0.0274577,54042624,41676800
2295,1500,0.0274541,54042624,41676800
2296,1500,0.0292427,54042624,41676800
2297,1500,0.0271541,54042624,41676800
2298,1500,0.0295177,54042624,41676800
2299,1500,0.0312259,54042624,41676800
2300,1500,0.0276425,54042624,41676800
2301,1500,0.0282433,54042624,41676800
2302,1500,0.0276984,54042624,41676800
2303,1500,0.0278149,54042624,41676800
2304,1500,0.0289934,54042624,41676800
2305,1500,0.0285353,54042624,41676800
2306,1500,0.0268624,54042624,41676800
2307,1500,0.0283262,54042624,41676800
2308,1500,0.0273961,54042624,41676800
2309,1500,0.0279979,54042624,41676800
2310,1500,0.0280732,54042624,41676800
2311,1500,0.0283113,54042624,41676800
2312,1500,0.0292131,54042624,41676800
2313,1500,0.0270077,54042624,41676800
2314,1500,0.0276723,54042624,41676800
2315,1500,0.0287252,54042624,41676800
2316,1500,0.0280437,54042624,41676800
2317,1500,0.0274857,54042624,41676800
2318,1500,0.0265752,54042624,41676800
2319,1500,0.0282782,54042624,41676800
2320,1500,0.0287355,54042624,41676800
2321,1500,0.027894,54042624,41676800
2322,1500,0.0273723,54042624,41676800
2323,1500,0.0302956,54042624,41676800
2324,1500,0.0294698,54042624,41676800
2325,1500,0.0266811,54042624,41676800
2326,1500,0.0271443,54042624,41676800
2327,1500,0.0296675,54042624,41676800
2328,1500,0.027933,54042624,41676800
2329,1500,0.0280821,54042624,41676800
2330,1500,0.030146,54042624,41676800
2331,1500,0.0266039,54042624,41676800
2332,1500,0.0285939,54042624,41676800
2333,1500,0.0305683,54042624,41676800
2334,1500,0.0282809,54042624,41676800
2335,1500,0.027396,54042624,41676800
2336,1500,0.027308,54042624,41676800
2337,1500,0.0271564,54042624,41676800
2338,1500,0.0274736,54042624,41676800
2339,1500,0.0281519,54042624,41676800
2340,1500,0.0269629,54042624,41676800
2341,1500,0.0274437,54042624,41676800
2342,1500,0.0275494,54042624,41676800
2343,1500,0.0281029,54042624,41676800
2344,1500,0.0275511,54042624,41676800
2345,1500,0.0279727,54042624,41676800
2346,1500,0.0281034,54042624,41676800
2347,1500,0.0282953,54042624,41676800
2348,1500,0.0295666,54042624,41676800
2349,1500,0.0300728,54042624,41676800
2350,1500,0.0278652,54042624,41676800
2351,1500,0.026501,54042624,41676800
2352,1500,0.0278829,54042624,41676800
2353,1500,0.0280704,54042624,41676800
2354,1500,0.0282757,54042624,41676800
2355,1500,0.0286908,54042624,41676800
2356,1500,0.0270987,54042624,41676800
2357,1500,0.0296846,54042624,41676800
2358,1500,0.0279706,54042624,41676800
2359,1500,0.0292322,54042624,41676800
2360,1500,0.0276297,54042624,41676800
2361,1500,0.0272479,54042624,41676800
2362,1500,0.0289622,54042624,41676800
2363,1500,0.0287999,54042624,41676800
2364,1500,0.0299798,54042624,41676800
2365,1500,0.0280426,54042624,41676800
2366,1500,0.0283278,54042624,41676800
2367,1500,0.030325,54042624,41676800
2368,1500,0.032006,54042624,41676800
2369,1500,0.0273494,54042624,41676800
2370,1500,0.0271174,54042624,41676800
2371,1500,0.0285025,54042624,41676800
2372,1500,0.0292041,54042624,41676800
2373,1500,0.0266347,54042624,41676800
2374,1500,0.0292957,54042624,41676800
2375,1500,0.029066,54042624,41676800
2376,1500,0.0283958,54042624,41676800
2377,1500,0.0297275,54042624,41676800
2378,1500,0.0272829,54042624,41676800
2379,1500,0.0276542,54042624,41676800
2380,1500,0.0274686,54042624,41676800
2381,1500,0.0276248,54042624,41676800
2382,1500,0.027991,54042624,41676800
2383,1500,0.0279477,54042624,41676800
2384,1500,0.0269522,54042624,41676800
2385,1500,0.0278661,54042624,41676800
2386,1500,0.0284941,54042624,41676800
2387,1500,0.0264193,54042624,41676800
2388,1500,0.0277708,54042624,41676800
2389,1500,0.0275452,54042624,41676800
2390,1500,0.0277183,54042624,41676800
2391,1500,0.0277951,54042624,41676800
2392,1500,0.0292583,54042624,41676800
2393,1500,0.0272373,54042624,41676800
2394,1500,0.0270278,54042624,41676800
2395,1500,0.029398,54042624,41676800
2396,1500,0.0271087,54042624,41676800
2397,1500,0.0280259,54042624,41676800
2398,1500,0.0272496,54042624,41676800
2399,1500,0.0283827,54042624,41676800
2400,1500,0.029181,54042624,41676800
2401,1500,0.0302149,54042624,41676800
2402,1500,0.0276729,54042624,41676800
2403,1500,0.0273729,54042624,41676800
2404,1500,0.0272212,54042624,41676800
2405,1500,0.0280871,54042624,41676800
2406,1500,0.0289327,54042624,41676800
2407,1500,0.0289935,54042624,41676800
2408,1500,0.0280051,54042624,41676800
2409,1500,0.029118,54042624,41676800
2410,1500,0.0288254,54042624,41676800
2411,1500,0.0276453,54042624,41676800
2412,1500,0.051245,54042624,41676800
2413,1500,0.027729,54042624,41676800
2414,1500,0.028208,54042624,41676800
2415,1500,0.0286421,54042624,41676800
2416,1500,0.0274644,54042624,41676800
2417,1500,0.026891,54042624,41676800
2418,1500,0.027053,54042624,41676800
2419,1500,0.028873,54042624,41676800
2420,1500,0.0273202,54042624,41676800
2421,1500,0.0273315,54042624,41676800
2422,1500,0.0290548,54042624,41676800
2423,1500,0.0296911,54042624,41676800
2424,1500,0.0279786,54042624,41676800
2425,1500,0.0274944,54042624,41676800
2426,1500,0.0282431,54042624,41676800
2427,1500,0.0275712,54042624,41676800
2428,1500,0.0282187,54042624,41676800
2429,1500,0.0279395,54042624,41676800
2430,1500,0.0268592,54042624,41676800
2431,1500,0.0302138,54042624,41676800
2432,1500,0.0272791,54042624,41676800
2433,1500,0.0298492,54042624,41676800
2434,1500,0.029147,54042624,41676800
2435,1500,0.0291252,54042624,41676800
2436,1500,0.0282849,54042624,41676800
2437,1500,0.0269482,54042624,41676800
2438,1500,0.0278268,54042624,41676800
2439,1500,0.0280584,54042624,41676800
2440,1500,0.029065,54042624,41676800
2441,1500,0.0269026,54042624,41676800
2442,1500,0.0278884,54042624,41676800
2443,1500,0.0274302,54042624,41676800
2444,1500,0.0274048,54042624,41676800
2445,1500,0.027919,54042624,41676800
2446,1500,0.0285522,54042624,41676800
2447,1500,0.0273229,54042624,41676800
2448,1500,0.0292828,54042624,41676800
2449,1500,0.0277623,54042624,41676800
2450,1500,0.0283207,54042624,41676800
2451,1500,0.0284265,54042624,41676800
2452,1500,0.0282492,54042624,41676800
2453,1500,0.0303449,54042624,41676800
2454,1500,0.0279659,54042624,41676800
2455,1500,0.0288293,54042624,41676800
2456,1500,0.027368,54042624,41676800
2457,1500,0.0288565,54042624,41676800
2458,1500,0.0310376,54042624,41676800
2459,1500,0.0277393,54042624,41676800
2460,1500,0.0275969,54042624,41676800
2461,1500,0.0299936,54042624,41676800
2462,1500,0.0282913,54042624,41676800
2463,1500,0.0273631,54042624,41676800
2464,1500,0.0282724,54042624,41676800
2465,1500,0.0276756,54042624,41676800
2466,1500,0.0304579,54042624,41676800
2467,1500,0.0297699,54042624,41676800
2468,1500,0.0301676,54042624,41676800
2469,1500,0.026868,54042624,41676800
2470,1500,0.0268932,54042624,41676800
2471,1500,0.0275417,54042624,41676800
2472,1500,0.0279157,54042624,41676800
2473,1500,0.0276201,54042624,41676800
2474,1500,0.0274671,54042624,41676800
2475,1500,0.0281887,54042624,41676800
2476,1500,0.0278038,54042624,41676800
2477,1500,0.0274452,54042624,41676800
2478,1500,0.0274126,54042624,41676800
2479,1500,0.0279103,54042624,41676800
2480,1500,0.0288244,54042624,41676800
2481,1500,0.0282444,54042624,41676800
2482,1500,0.0282563,54042624,41676800
2483,1500,0.0292321,54042624,41676800
2484,1500,0.0300357,54042624,41676800
2485,1500,0.0274222,54042624,41676800
2486,1500,0.0270386,54042624,41676800
2487,1500,0.0317126,54042624,41676800
2488,1500,0.028244,54042624,41676800
2489,1500,0.0285927,54042624,41676800
2490,1500,0.02797,54042624,41676800
2491,1500,0.0278601,54042624,41676800
2492,1500,0.0289328,54042624,41676800
2493,1500,0.0279749,54042624,41676800
2494,1500,0.0267922,54042624,41676800
2495,1500,0.028114,54042624,41676800
2496,1500,0.0277725,54042624,41676800
2497,1500,0.0282161,54042624,41676800
2498,1500,0.0285777,54042624,41676800
2499,1500,0.027008,54042624,41676800
2500,1500,0.0276709,54042624,41676800
